;;;traversal;traversal;traversal;traversal;traversal;traversal;traversal;traversal;return;return;return;return;return;return;return;return;midpoint;midpoint;midpoint;midpoint;midpoint;midpoint;midpoint;midpoint;largest gap;largest gap;largest gap;largest gap;largest gap;largest gap;largest gap;largest gap;combined;combined;combined;combined;combined;combined;combined;combined;optimal;optimal;optimal;optimal;optimal;optimal;optimal;optimal
;;;;;BPC;BPC;SC-2;SC-2;BPC-DF-2;BPC-DF-2;;;BPC;BPC;SC-2;SC-2;BPC-DF-2;BPC-DF-2;;;BPC;BPC;SC-2;SC-2;BPC-DF-2;BPC-DF-2;;;BPC;BPC;SC-2;SC-2;BPC-DF-2;BPC-DF-2;;;BPC;BPC;SC-2;SC-2;BPC-DF-2;BPC-DF-2;;;BPC;BPC;SC-2;SC-2;BPC-DF-2;BPC-DF-2
capacity;numOrders;instNum;BKS;BKS_is_opt;LB tree;runtime;UB;runtime;UB;runtime;BKS;BKS_is_opt;LB tree;runtime;UB;runtime;UB;runtime;BKS;BKS_is_opt;LB tree;runtime;UB;runtime;UB;runtime;BKS;BKS_is_opt;LB tree;runtime;UB;runtime;UB;runtime;BKS;BKS_is_opt;LB tree;runtime;UB;runtime;UB;runtime;BKS;BKS_is_opt;LB tree;runtime;UB;runtime;UB;runtime
24;20;1;787.8;True;787.80;0.02;787.8;0.03;787.8;0.03;918.8;True;918.80;0.06;920.8;0.05;918.8;0.02;764.0;True;764.00;0.01;764.0;0.02;764.0;0.01;732.0;True;732.00;0.02;732.0;0.02;732.0;0.03;737.8;True;737.80;0.57;738.8;0.09;737.8;0.11;699.8;True;699.80;0.13;702.8;0.09;699.8;0.07
24;20;2;798.4;True;798.40;0.17;798.4;0.10;798.4;0.06;941.4;True;941.40;0.02;941.4;0.02;941.4;0.02;777.6;True;777.60;0.18;779.6;0.09;777.6;0.06;747.8;True;747.80;0.12;747.8;0.10;747.8;0.05;744.8;True;744.80;0.03;744.8;0.04;744.8;0.05;707.2;True;707.20;0.05;707.2;0.05;707.2;0.08
24;20;3;817.4;True;817.40;0.14;819.4;0.09;817.4;0.07;958.2;True;958.20;0.01;958.2;0.01;958.2;0.01;821.4;True;821.40;0.02;821.4;0.02;821.4;0.02;776.4;True;776.40;0.01;776.4;0.01;776.4;0.01;770.4;True;770.40;0.07;773.4;0.08;770.4;0.03;726.4;True;726.40;0.02;726.4;0.01;726.4;0.02
24;20;4;709.0;True;709.00;0.01;709.0;0.01;709.0;0.01;851.2;True;851.20;0.08;852.2;0.03;851.2;0.03;683.2;True;683.20;0.01;683.2;0.01;683.2;0.01;654.2;True;654.20;0.01;654.2;0.01;654.2;0.01;668.0;True;668.00;0.17;675.8;0.10;668.0;0.05;628.0;True;628.00;0.02;628.0;0.02;628.0;0.03
24;20;5;650.2;True;650.20;0.01;650.2;0.01;650.2;0.01;766.2;True;766.20;0.01;766.2;0.02;766.2;0.02;702.4;True;702.40;0.02;702.4;0.02;702.4;0.02;667.4;True;667.40;0.02;667.4;0.02;667.4;0.05;621.2;True;621.20;0.03;621.2;0.03;621.2;0.04;611.2;True;611.20;0.38;612.2;0.10;611.2;0.11
24;20;6;598.8;True;598.80;0.59;598.8;0.12;598.8;0.10;713.4;True;713.40;0.61;716.6;0.16;713.4;0.23;604.6;True;604.60;0.02;604.6;0.02;604.6;0.02;590.6;True;590.60;0.29;590.6;0.12;590.6;0.10;568.6;True;568.60;0.10;568.6;0.09;568.6;0.09;559.8;True;559.80;0.35;560.8;0.16;559.8;0.24
24;20;7;667.4;True;667.40;0.04;667.4;0.05;667.4;0.05;798.2;True;798.20;0.02;798.2;0.02;798.2;0.02;636.4;True;636.40;0.02;636.4;0.02;636.4;0.02;619.6;True;619.60;0.01;619.6;0.01;619.6;0.02;622.0;True;622.00;0.29;622.0;0.08;622.0;0.12;598.4;True;598.40;0.04;598.4;0.04;598.4;0.06
24;20;8;683.0;True;683.00;0.20;683.0;0.06;683.0;0.07;869.0;True;869.00;0.01;869.0;0.01;869.0;0.01;635.0;True;635.00;0.02;635.0;0.02;635.0;0.02;623.0;True;623.00;0.02;623.0;0.02;623.0;0.02;621.0;True;621.00;0.01;621.0;0.01;621.0;0.01;603.0;True;603.00;0.11;604.8;0.07;603.0;0.06
24;20;9;817.4;True;817.40;0.01;817.4;0.01;817.4;0.01;979.2;True;979.20;0.01;979.2;0.00;979.2;0.01;803.6;True;803.60;0.00;803.6;0.00;803.6;0.00;780.6;True;780.60;0.01;780.6;0.01;780.6;0.01;759.2;True;759.20;0.01;759.2;0.00;759.2;0.00;731.0;True;731.00;0.01;731.0;0.01;731.0;0.01
24;20;10;629.6;True;629.60;0.39;629.6;0.16;629.6;0.18;738.8;True;738.80;0.02;738.8;0.02;738.8;0.02;591.8;True;591.80;0.02;591.8;0.03;591.8;0.02;571.8;True;571.80;0.02;571.8;0.02;571.8;0.02;566.8;True;566.80;0.03;566.8;0.03;566.8;0.03;536.8;True;536.80;0.03;536.8;0.03;536.8;0.04
24;30;1;1077.2;True;1077.20;0.39;1077.2;0.12;1077.2;0.11;1308.2;True;1308.20;0.44;1308.2;0.17;1308.2;0.13;1074.6;True;1074.60;0.10;1074.6;0.08;1074.6;0.05;1036.0;True;1036.00;0.18;1036.0;0.08;1036.0;0.07;1014.4;True;1014.40;0.18;1014.4;0.14;1014.4;0.06;987.2;True;987.20;0.55;987.2;0.18;987.2;0.16
24;30;2;1169.4;True;1169.40;0.89;1170.4;0.12;1169.4;0.32;1379.2;True;1379.20;0.87;1381.0;0.26;1379.2;0.47;1205.4;True;1205.40;0.42;1205.4;0.15;1205.4;0.09;1130.8;True;1130.80;0.02;1130.8;0.02;1130.8;0.02;1104.4;True;1104.40;0.22;1104.4;0.10;1104.4;0.05;1066.2;True;1066.20;0.31;1066.2;0.12;1066.2;0.15
24;30;3;868.8;True;868.80;0.06;868.8;0.06;868.8;0.07;1087.8;True;1087.80;0.30;1087.8;0.16;1087.8;0.15;859.0;True;859.00;0.41;859.0;0.18;859.0;0.17;838.2;True;838.20;1.02;838.2;0.30;838.2;0.37;817.2;True;817.20;0.04;817.2;0.06;817.2;0.05;789.0;True;789.00;0.21;789.0;0.21;789.0;0.25
24;30;4;970.8;True;970.80;0.99;979.2;1.03;970.8;0.34;1140.6;True;1140.60;0.26;1141.6;0.17;1140.6;0.09;981.8;True;981.80;0.04;981.8;0.05;981.8;0.06;930.0;True;930.00;0.42;931.0;0.21;930.0;0.29;916.6;True;916.60;0.49;916.6;0.45;916.6;0.17;890.0;True;890.00;0.76;890.0;0.46;890.0;0.47
24;30;5;1009.8;True;1009.80;0.39;1011.6;0.23;1009.8;0.36;1161.4;True;1161.40;0.88;1164.4;0.27;1161.4;0.51;974.4;True;974.40;1.63;978.4;0.25;974.4;0.61;948.4;True;948.40;2.82;952.4;0.52;948.4;1.49;926.8;True;926.80;0.90;926.8;0.14;926.8;0.42;894.8;True;894.80;2.22;896.4;0.68;894.8;0.78
24;30;6;1005.4;True;1005.40;0.63;1005.4;0.68;1005.4;0.21;1191.2;True;1191.20;5.33;1195.2;0.93;1191.2;3.70;988.6;True;988.60;0.03;988.6;0.04;988.6;0.04;947.6;True;947.60;0.45;947.6;0.20;947.6;0.13;949.6;True;949.60;1.30;952.4;0.64;949.6;0.44;910.6;True;910.60;0.84;910.6;0.43;910.6;0.42
24;30;7;967.4;True;967.40;1.84;967.4;0.38;967.4;0.77;1158.2;True;1158.20;0.20;1158.2;0.13;1158.2;0.08;965.8;True;965.80;0.45;965.8;0.18;965.8;0.12;924.8;True;924.80;0.89;924.8;0.17;924.8;0.24;912.6;True;912.60;0.86;912.6;0.43;912.6;0.26;881.4;True;881.40;0.08;881.4;0.08;881.4;0.09
24;30;8;1030.0;True;1030.00;0.05;1030.0;0.05;1030.0;0.13;1227.8;True;1227.80;0.94;1227.8;0.35;1227.8;0.37;1037.0;True;1037.00;0.17;1037.0;0.11;1037.0;0.08;985.0;True;985.00;1.62;985.0;0.32;985.0;0.49;954.0;True;954.00;0.07;954.0;0.08;954.0;0.08;921.0;True;921.00;0.32;922.0;0.23;921.0;0.22
24;30;9;1001.8;True;1001.80;1.09;1003.0;0.59;1001.8;0.37;1212.0;True;1212.00;0.84;1218.0;0.63;1212.0;0.42;1006.2;True;1006.20;0.98;1007.2;0.27;1006.2;0.35;963.0;True;963.00;0.77;963.2;0.59;963.0;0.43;939.4;True;939.40;0.04;939.4;0.05;939.4;0.05;916.0;True;916.00;0.38;916.0;0.17;916.0;0.16
24;30;10;908.8;True;908.80;0.58;908.8;0.20;908.8;0.30;1129.8;True;1129.80;0.62;1129.8;0.17;1129.8;0.10;884.6;True;884.60;0.05;884.6;0.05;884.6;0.08;860.8;True;860.80;0.56;860.8;0.17;860.8;0.14;838.8;True;838.80;0.02;838.8;0.03;838.8;0.03;818.4;True;818.40;1.12;821.6;0.28;818.4;0.81
24;40;1;1407.8;True;1407.80;8.66;1407.8;0.95;1407.8;8.91;1672.8;True;1672.80;1.63;1672.8;0.50;1672.8;0.43;1428.8;True;1428.80;0.15;1428.8;0.15;1428.8;0.15;1357.8;True;1357.80;0.61;1357.8;0.47;1357.8;0.33;1332.6;True;1332.60;2.69;1335.6;0.51;1332.6;0.77;1284.6;True;1284.60;6.13;1287.6;1.33;1284.6;3.69
24;40;2;1225.0;True;1225.00;1.57;1225.0;0.73;1225.0;0.82;1507.2;True;1507.20;1.46;1507.2;0.33;1507.2;0.46;1256.0;True;1256.00;0.51;1263.0;0.29;1256.0;0.24;1215.4;True;1215.40;1.43;1219.2;0.40;1215.4;0.51;1179.4;True;1179.40;2.77;1180.2;0.75;1179.4;1.00;1132.4;True;1132.40;2.44;1133.4;0.36;1132.4;0.72
24;40;3;1393.2;True;1393.20;0.68;1397.6;0.27;1393.2;0.22;1668.4;True;1668.40;0.52;1668.4;0.15;1668.4;0.23;1428.6;True;1428.60;0.30;1428.6;0.21;1428.6;0.12;1380.6;True;1380.60;0.06;1380.6;0.07;1380.6;0.13;1319.2;True;1319.20;0.04;1319.2;0.04;1319.2;0.08;1278.0;True;1278.00;0.89;1278.0;0.22;1278.0;0.36
24;40;4;1270.6;True;1270.60;0.94;1278.6;0.93;1270.6;0.31;1487.4;True;1487.40;1.09;1488.6;0.94;1487.4;0.61;1294.8;True;1294.80;0.35;1294.8;0.29;1294.8;0.23;1240.6;True;1240.60;1.03;1244.0;0.35;1240.6;0.56;1197.0;True;1197.00;2.01;1197.0;0.52;1197.0;0.53;1151.8;True;1151.80;0.80;1151.8;0.43;1151.8;0.43
24;40;5;1295.6;True;1295.60;1.54;1295.6;0.31;1295.6;0.71;1514.4;True;1514.40;0.84;1516.4;0.20;1514.4;0.23;1260.4;True;1260.40;0.24;1260.4;0.19;1260.4;0.12;1203.4;True;1203.40;0.08;1203.4;0.09;1203.4;0.09;1218.4;True;1218.40;1.51;1218.4;0.25;1218.4;0.56;1167.4;True;1167.40;1.91;1167.4;0.35;1167.4;0.80
24;40;6;1378.6;True;1378.60;0.45;1378.6;0.84;1378.6;0.21;1610.4;True;1610.40;4.00;1617.4;1.14;1610.4;1.19;1343.4;True;1343.40;1.29;1343.4;0.24;1343.4;0.49;1294.8;True;1294.80;0.77;1294.8;0.18;1294.8;0.33;1283.4;True;1283.40;0.55;1283.4;0.18;1283.4;0.23;1226.6;True;1226.60;2.57;1226.6;0.35;1226.6;0.97
24;40;7;1340.2;True;1340.20;0.06;1340.2;0.06;1340.2;0.07;1578.0;True;1578.00;0.55;1578.0;0.23;1578.0;0.23;1343.6;True;1343.60;2.06;1344.6;0.23;1343.6;0.81;1273.6;True;1273.60;0.07;1273.6;0.07;1273.6;0.07;1258.4;True;1258.40;2.04;1258.6;0.40;1258.4;0.66;1210.4;True;1210.40;0.95;1211.4;0.48;1210.4;0.54
24;40;8;1260.0;True;1260.00;66.07;1260.0;0.86;1260.0;82.68;1534.0;True;1534.00;6.66;1535.0;0.55;1534.0;2.08;1212.4;True;1212.40;0.62;1213.4;0.21;1212.4;0.25;1172.6;True;1172.60;0.49;1172.6;0.25;1172.6;0.19;1154.6;True;1154.60;1.47;1154.6;0.36;1154.6;0.74;1113.4;True;1113.40;0.30;1114.8;0.25;1113.4;0.17
24;40;9;1241.0;True;1241.00;2.55;1241.0;1.08;1241.0;0.75;1464.6;True;1464.60;2.52;1464.6;0.64;1464.6;1.49;1185.6;True;1185.60;4.83;1186.6;0.82;1185.6;3.24;1140.2;True;1140.20;4.91;1140.4;0.72;1140.2;2.01;1147.2;True;1147.20;18.51;1147.2;1.90;1147.2;9.39;1081.4;True;1081.40;1.20;1081.4;1.01;1081.4;0.80
24;40;10;1340.8;True;1340.80;3.60;1344.2;0.98;1340.8;1.62;1578.6;True;1578.60;0.09;1578.6;0.10;1578.6;0.10;1320.6;True;1320.60;5.91;1320.6;1.35;1320.6;2.04;1279.6;True;1279.60;13.84;1279.6;0.93;1279.6;7.91;1252.6;True;1252.60;5.80;1252.6;0.57;1252.6;3.41;1203.6;True;1203.60;4.72;1204.2;0.89;1203.6;2.35
24;50;1;1676.2;True;1676.20;4.86;1676.4;0.53;1676.2;2.18;2040.4;True;2040.40;0.50;2040.4;0.29;2040.4;0.25;1617.0;True;1617.00;1.06;1617.0;0.45;1617.0;0.43;1573.2;True;1573.20;0.51;1573.2;0.33;1573.2;0.30;1562.6;True;1562.60;3.81;1562.6;0.39;1562.6;1.53;1494.4;True;1494.40;6.12;1495.4;0.63;1494.4;7.07
24;50;2;1442.6;True;1442.60;11.43;1442.6;1.77;1442.6;8.66;1792.0;True;1792.00;62.57;1794.6;2.54;1792.0;33.48;1478.4;True;1478.40;7.92;1479.4;2.40;1478.4;3.77;1407.2;True;1407.20;25.36;1412.4;2.71;1407.2;19.00;1382.6;True;1382.60;6.33;1386.4;2.22;1382.6;3.64;1323.4;True;1323.40;18.21;1324.0;2.67;1323.4;10.13
24;50;3;1605.2;True;1605.20;7.16;1605.2;0.50;1605.2;2.93;1980.2;True;1980.20;13.06;1981.2;1.21;1980.2;3.14;1611.6;True;1611.60;3.01;1614.8;1.46;1611.6;0.95;1547.6;True;1547.60;4.24;1550.4;1.66;1547.6;2.31;1506.6;True;1506.60;1.50;1506.6;0.25;1506.6;0.36;1443.4;True;1443.40;1.65;1448.4;0.44;1443.4;0.79
24;50;4;1662.4;True;1662.40;6.56;1665.2;1.72;1662.4;3.71;2001.2;True;2001.20;5.61;2005.4;1.12;2001.2;2.96;1669.6;True;1669.60;3.39;1669.6;0.50;1669.6;1.16;1607.6;True;1607.60;8.55;1609.6;1.25;1607.6;2.59;1555.6;True;1555.60;6.19;1558.6;1.10;1555.6;4.33;1500.4;True;1500.40;1.69;1500.4;0.44;1500.4;0.69
24;50;5;1729.6;True;1729.60;8.54;1733.2;1.04;1729.6;5.41;2067.4;True;2067.40;2.75;2067.4;0.42;2067.4;0.53;1735.8;True;1735.80;1.03;1735.8;0.28;1735.8;0.20;1680.2;True;1680.20;2.08;1681.2;0.73;1680.2;1.05;1632.8;True;1632.80;4.78;1633.8;1.01;1632.8;2.12;1561.4;True;1561.40;1.15;1561.4;0.42;1561.4;0.53
24;50;6;1607.6;True;1607.60;8.40;1611.6;2.74;1607.6;2.33;1886.6;True;1886.60;4.81;1891.6;1.61;1886.6;3.32;1634.0;True;1634.00;0.59;1634.0;0.23;1634.0;0.28;1568.6;True;1568.60;7.11;1569.6;1.11;1568.6;2.35;1514.4;True;1514.40;29.53;1516.8;1.48;1514.4;22.10;1464.8;True;1464.80;12.36;1467.6;1.17;1464.8;7.07
24;50;7;1420.0;True;1420.00;44.78;1422.0;2.91;1420.0;63.72;1699.0;True;1699.00;2.16;1699.0;1.54;1699.0;0.98;1366.4;True;1366.40;5.73;1368.4;0.68;1366.4;2.85;1325.4;True;1325.40;6.75;1327.4;1.29;1325.4;1.86;1332.0;True;1332.00;5.75;1337.2;3.86;1332.0;4.20;1266.0;True;1266.00;8.03;1266.8;1.96;1266.0;4.66
24;50;8;1435.4;True;1435.40;10.03;1439.2;4.43;1435.4;7.05;1765.8;True;1765.80;32.81;1767.6;2.94;1765.8;27.31;1415.4;True;1415.40;2.38;1415.4;1.08;1415.4;1.11;1366.4;True;1366.40;10.89;1367.4;0.69;1366.4;2.89;1341.8;True;1341.80;3.66;1344.8;1.69;1341.8;0.63;1294.4;True;1294.40;2.01;1294.4;0.99;1294.4;0.69
24;50;9;1456.8;True;1456.80;36.13;1460.6;1.61;1456.8;55.09;1725.0;True;1725.00;2.59;1725.0;0.81;1725.0;1.12;1417.4;True;1417.40;0.18;1417.4;0.19;1417.4;0.35;1372.4;True;1372.40;4.45;1372.4;0.46;1372.4;1.50;1359.4;True;1359.40;17.96;1360.4;1.80;1359.4;5.09;1310.0;True;1310.00;9.72;1310.0;0.62;1310.0;3.93
24;50;10;1594.8;True;1594.80;10.57;1596.8;1.97;1594.8;14.83;1940.6;True;1940.60;3.01;1940.6;0.65;1940.6;0.70;1594.8;True;1594.80;5.03;1595.8;0.74;1594.8;2.31;1553.8;True;1553.80;11.25;1556.8;1.46;1553.8;3.91;1487.8;True;1487.80;12.00;1489.8;0.67;1487.8;10.65;1447.4;True;1447.40;2.15;1451.4;1.11;1447.4;0.98
24;60;1;1752.6;True;1752.60;7.22;1752.6;2.33;1752.6;9.17;2047.6;True;2047.60;4.26;2047.6;1.64;2047.6;1.69;1754.0;True;1754.00;3.25;1754.0;1.28;1754.0;1.74;1693.2;True;1693.20;7.72;1693.2;1.01;1693.2;4.25;1653.0;True;1653.00;14.86;1653.8;2.08;1653.0;13.57;1600.2;True;1600.20;6.83;1600.2;2.95;1600.2;3.61
24;60;2;1641.4;True;1641.40;18.52;1641.4;0.41;1641.4;24.17;2024.2;True;2024.20;3.41;2026.2;1.26;2024.2;1.87;1644.4;True;1644.40;2.71;1646.4;0.53;1644.4;0.91;1577.2;True;1577.20;1.20;1577.2;0.66;1577.2;0.55;1548.4;True;1548.40;2.81;1551.4;0.49;1548.4;1.71;1503.8;True;1503.80;4.79;1507.6;1.13;1503.8;2.72
24;60;3;1886.6;True;1886.60;39.96;1889.8;2.43;1886.6;80.41;2282.2;True;2282.20;2.24;2289.6;1.77;2282.2;0.64;1889.0;True;1889.00;3.60;1889.0;1.51;1889.0;1.11;1824.0;True;1824.00;5.04;1825.0;1.95;1824.0;1.69;1774.8;True;1774.80;11.37;1778.6;1.98;1774.8;4.91;1723.4;True;1723.40;7.42;1725.4;2.60;1723.4;4.53
24;60;4;1730.2;True;1730.20;13.42;1730.2;0.56;1730.2;11.76;2093.0;True;2093.00;1.89;2093.0;0.48;2093.0;0.66;1755.2;True;1755.20;4.14;1760.2;1.11;1755.2;1.80;1676.4;True;1676.40;2.19;1676.4;0.38;1676.4;0.63;1640.0;True;1640.00;5.45;1640.0;1.87;1640.0;10.49;1582.0;True;1582.00;7.17;1583.8;0.92;1582.0;5.36
24;60;5;1991.6;True;1991.60;0.15;1991.6;0.15;1991.6;0.30;2450.4;True;2450.40;1.27;2451.4;0.30;2450.4;0.75;1973.6;True;1973.60;1.92;1973.6;0.53;1973.6;0.82;1925.6;True;1925.60;4.39;1925.6;0.63;1925.6;1.64;1880.4;True;1880.40;3.31;1882.6;0.63;1880.4;1.70;1819.6;True;1819.60;13.72;1822.2;2.02;1819.6;7.32
24;60;6;2127.6;True;2127.60;12.43;2127.6;0.92;2127.6;9.61;2501.6;True;2501.60;2.72;2501.6;1.01;2501.6;1.49;2177.2;True;2177.20;3.19;2177.2;0.29;2177.2;1.12;2076.2;True;2076.20;2.23;2079.4;0.62;2076.2;0.63;2012.2;True;2012.20;2.61;2017.2;1.44;2012.2;0.79;1950.8;True;1950.80;3.43;1950.8;0.66;1950.8;1.21
24;60;7;2062.2;True;2062.20;7.54;2072.8;3.57;2062.2;33.46;2463.8;True;2463.80;1.86;2463.8;0.96;2463.8;0.52;1971.6;True;1971.60;1.50;1971.6;0.56;1971.6;1.08;1941.4;True;1941.40;40.67;1941.4;1.32;1941.4;19.56;1923.4;True;1923.40;16.57;1929.2;1.44;1923.4;10.36;1852.4;True;1852.40;10.22;1862.4;3.58;1852.4;12.43
24;60;8;1947.8;True;1947.80;5.47;1947.8;0.57;1947.8;0.94;2397.8;True;2397.80;5.65;2399.8;1.29;2397.8;2.06;1998.0;True;1998.00;13.22;2003.0;1.80;1998.0;5.26;1911.2;True;1911.20;16.96;1913.8;2.25;1911.2;7.12;1852.0;True;1852.00;13.86;1852.0;1.20;1852.0;8.55;1798.4;True;1798.40;5.54;1798.4;1.05;1798.4;2.38
24;60;9;1591.8;True;1591.80;8.04;1596.0;1.70;1591.8;6.25;1957.2;True;1957.20;4.93;1958.2;1.02;1957.2;1.92;1633.8;True;1633.80;11.00;1633.8;0.61;1633.8;4.24;1568.0;True;1568.00;37.77;1569.0;4.15;1568.0;21.44;1518.2;True;1518.20;8.04;1519.4;1.25;1518.2;3.17;1473.2;True;1473.20;11.32;1476.8;4.83;1473.2;11.27
24;60;10;1940.2;True;1940.20;1.91;1940.2;1.16;1940.2;1.02;2351.0;True;2351.00;2.22;2351.0;0.66;2351.0;0.79;1979.6;True;1979.60;7.07;1979.6;1.52;1979.6;3.91;1884.8;True;1884.80;6.39;1888.6;1.65;1884.8;2.64;1837.4;True;1837.40;4.25;1837.4;1.46;1837.4;1.42;1774.0;True;1774.00;0.72;1776.0;1.96;1774.0;0.74
24;70;1;2173.8;True;2173.80;12.90;2180.8;6.94;2173.8;35.94;2597.8;True;2597.80;57.64;2601.2;17.17;2597.8;78.14;2163.8;True;2163.80;39.81;2164.8;2.84;2163.8;63.59;2075.0;True;2075.00;289.91;2080.0;6.80;2077.0;120.00;2069.0;True;2069.00;652.53;2069.0;3.36;2073.2;120.00;1985.4;True;1985.40;106.05;1987.6;10.07;1985.4;120.00
24;70;2;2308.6;True;2308.60;8.85;2308.6;3.08;2308.6;2.07;2775.4;True;2775.40;41.82;2775.4;3.63;2775.4;17.23;2194.8;True;2194.80;25.56;2196.8;2.62;2194.8;23.04;2144.8;True;2144.80;32.68;2146.0;3.47;2144.8;34.70;2164.6;True;2164.60;44.52;2168.8;5.69;2164.6;120.00;2040.0;True;2040.00;5.90;2040.0;4.18;2040.0;3.42
24;70;3;2409.0;True;2409.00;109.43;2412.0;3.96;2409.0;120.00;2922.8;True;2922.80;9.73;2924.0;1.14;2922.8;3.20;2375.4;True;2375.40;5.61;2375.4;0.60;2375.4;2.00;2306.4;True;2306.40;15.86;2306.4;1.05;2306.4;5.59;2250.2;True;2250.20;18.16;2251.4;1.45;2250.2;6.49;2176.0;True;2176.00;3.40;2179.2;1.53;2176.0;2.21
24;70;4;2209.4;True;2209.40;36.86;2210.4;2.19;2209.4;44.03;2625.4;True;2625.40;24.26;2627.0;2.94;2625.4;17.98;2210.2;True;2210.20;10.65;2212.2;2.03;2210.2;6.84;2113.2;True;2113.20;16.17;2115.0;2.80;2113.2;10.27;2075.0;True;2075.00;4.59;2078.0;5.52;2075.0;3.74;1995.8;True;1995.80;2.29;1999.8;5.41;1995.8;1.83
24;70;5;2021.2;True;2021.20;23.77;2021.2;2.32;2021.2;19.97;2438.8;True;2438.80;18.47;2440.8;1.98;2438.8;7.48;2012.4;True;2012.40;7.92;2014.0;1.50;2012.4;2.76;1941.6;True;1941.60;11.14;1943.6;1.84;1941.6;7.35;1899.2;True;1899.20;17.15;1899.2;2.44;1899.2;11.99;1838.0;True;1838.00;7.08;1838.0;3.15;1838.0;8.48
24;70;6;2223.4;True;2223.40;86.27;2224.4;6.97;2223.4;120.00;2609.2;True;2609.20;500.98;2609.2;7.58;2609.2;120.00;2171.2;True;2171.20;11.07;2174.2;2.53;2171.2;5.20;2094.6;True;2094.60;2.81;2096.8;1.92;2094.6;1.98;2083.8;True;2083.80;69.94;2084.4;4.55;2083.8;80.01;1989.8;True;1989.80;198.73;1990.4;3.24;1989.8;120.00
24;70;7;2101.0;True;2101.00;32.99;2101.2;3.92;2101.0;41.26;2543.0;True;2543.00;3.90;2543.0;0.84;2543.0;1.06;2135.4;True;2135.40;19.90;2136.2;1.13;2135.4;9.72;2057.2;True;2057.20;17.19;2057.2;2.87;2057.2;10.59;2001.2;True;2001.20;76.29;2004.2;8.76;2001.2;120.00;1938.6;True;1938.60;114.03;1940.2;4.00;1938.6;120.00
24;70;8;2076.6;True;2076.60;3.41;2080.0;1.46;2076.6;2.69;2552.2;True;2552.20;15.29;2554.2;3.91;2552.2;16.02;2082.0;True;2082.00;17.90;2082.0;2.42;2082.0;8.26;1997.8;True;1997.80;3.65;1997.8;0.93;1997.8;1.40;1974.6;True;1974.60;16.46;1974.6;2.37;1974.6;12.68;1898.0;True;1898.00;13.95;1898.8;3.38;1898.0;10.40
24;70;9;2376.0;True;2376.00;15.77;2380.2;3.60;2376.0;31.57;2906.4;True;2906.40;16.35;2907.0;2.07;2906.4;8.02;2339.2;True;2339.20;3.30;2339.2;0.77;2339.2;1.43;2270.6;True;2270.60;42.92;2271.6;2.06;2270.6;34.99;2234.6;True;2234.60;270.78;2235.4;3.72;2235.4;120.00;2159.2;True;2159.20;83.52;2159.2;3.59;2159.2;90.85
24;70;10;2114.0;True;2114.00;48.61;2114.0;12.43;2114.0;120.00;2553.4;True;2553.40;49.99;2558.2;7.69;2553.4;77.13;2110.2;True;2110.20;31.45;2114.6;8.01;2110.2;30.53;2026.6;True;2026.60;101.00;2026.6;3.84;2026.6;93.48;1972.4;True;1972.40;14.33;1974.6;3.01;1972.4;5.22;1928.0;True;1928.00;58.32;1930.6;7.31;1928.0;113.41
24;80;1;2308.0;True;2308.00;209.56;2309.8;4.64;2308.0;120.00;2743.6;True;2743.60;47.23;2746.6;5.69;2743.6;37.33;2251.8;True;2251.80;26.83;2252.8;4.85;2251.8;19.98;2167.8;True;2167.80;3.52;2167.8;1.12;2167.8;1.14;2140.4;True;2140.40;57.07;2141.4;6.91;2140.4;82.91;2041.8;True;2041.80;24.95;2044.8;6.04;2041.8;9.76
24;80;2;2519.8;True;2519.80;3405.08;2523.0;79.23;2529.0;120.00;3126.6;True;3126.60;221.07;3127.6;23.52;3127.8;120.00;2451.0;True;2451.00;124.31;2452.2;3.72;2452.0;120.00;2379.2;True;2379.20;21.52;2379.2;7.15;2379.2;37.42;2353.4;True;2353.40;149.40;2355.8;12.19;2353.4;120.00;2257.6;True;2257.60;68.18;2258.8;4.84;2257.6;112.89
24;80;3;2407.4;True;2407.40;13.65;2407.6;1.14;2407.4;14.78;2917.2;True;2917.20;25.36;2920.0;9.74;2917.2;15.29;2444.6;True;2444.60;3.70;2449.6;3.78;2444.6;1.55;2366.6;True;2366.60;74.09;2367.6;7.78;2366.6;76.58;2274.2;True;2274.20;32.40;2278.2;4.92;2274.2;24.37;2210.2;True;2210.20;5.86;2211.4;1.51;2210.2;7.70
24;80;4;2352.6;True;2352.60;44.43;2353.4;4.18;2352.6;47.50;2846.2;True;2846.20;16.88;2852.8;9.62;2846.2;17.40;2381.0;True;2381.00;81.14;2382.4;11.07;2381.0;120.00;2292.4;True;2292.40;108.06;2294.0;13.56;2292.4;120.00;2228.6;True;2228.60;31.33;2229.6;4.50;2228.6;19.75;2149.0;True;2149.00;6.24;2149.0;1.66;2149.0;7.64
24;80;5;2748.8;True;2748.80;5.14;2750.4;1.30;2748.8;1.82;3243.4;True;3243.40;19.51;3245.6;2.79;3243.4;15.71;2754.8;True;2754.80;49.16;2754.8;8.58;2754.8;34.60;2651.0;True;2651.00;113.26;2652.0;10.53;2651.0;120.00;2586.0;True;2586.00;22.53;2586.6;3.35;2586.0;16.40;2485.2;True;2485.20;17.87;2489.6;8.09;2485.2;18.30
24;80;6;2396.4;True;2396.40;53.85;2396.8;5.87;2396.4;120.00;2923.2;True;2923.20;73.14;2925.4;3.56;2923.2;72.18;2422.8;True;2422.80;5.56;2426.0;3.63;2422.8;4.50;2326.0;True;2326.00;7.61;2327.8;1.89;2326.0;7.80;2274.8;True;2274.80;61.17;2277.6;7.60;2274.8;100.18;2206.6;True;2206.60;56.03;2209.6;7.45;2206.6;105.18
24;80;7;2347.4;True;2347.40;44.37;2347.4;4.47;2347.4;120.00;2837.6;True;2837.60;757.15;2840.8;11.44;2859.2;120.00;2310.0;True;2310.00;38.74;2310.0;2.36;2310.0;18.56;2242.8;True;2242.80;190.60;2244.8;5.46;2242.8;120.00;2199.6;True;2199.60;10.56;2202.6;6.11;2199.6;3.56;2124.8;True;2124.80;27.46;2124.8;3.72;2124.8;22.69
24;80;8;2631.0;True;2631.00;23.19;2633.0;2.64;2631.0;29.37;3191.0;True;3191.00;88.90;3196.0;8.41;3191.0;106.18;2595.6;True;2595.60;28.96;2595.6;2.92;2595.6;29.15;2514.8;True;2514.80;43.84;2516.0;2.40;2514.8;16.33;2491.0;True;2491.00;17.49;2492.0;3.54;2491.0;7.58;2397.6;True;2397.60;57.79;2400.0;5.34;2397.6;51.97
24;80;9;2200.8;True;2200.80;109.55;2200.8;6.07;2200.8;120.00;2660.0;True;2660.00;22.59;2660.0;3.65;2660.0;7.61;2262.0;True;2262.00;28.05;2262.0;6.46;2262.0;19.52;2146.2;True;2146.20;103.99;2148.8;5.09;2146.2;96.54;2067.8;True;2067.80;65.12;2069.8;10.02;2067.8;68.49;2024.6;True;2024.60;125.59;2026.6;18.12;2024.8;120.00
24;80;10;2482.8;True;2482.80;14.94;2486.0;5.17;2482.8;42.17;2952.2;True;2952.20;10.85;2955.8;4.05;2952.2;6.86;2457.6;True;2457.60;5.66;2457.6;2.12;2457.6;2.15;2374.2;True;2374.20;28.80;2374.2;2.90;2374.2;29.75;2335.4;True;2335.40;62.79;2337.4;3.93;2335.4;66.20;2256.6;True;2256.60;14.96;2259.0;4.33;2256.6;14.11
24;90;1;2762.2;True;2762.20;28.11;2765.6;6.92;2762.2;60.59;3383.6;True;3383.60;18.97;3383.6;1.38;3383.6;8.59;2797.0;True;2797.00;18.97;2798.2;3.30;2797.0;10.49;2688.2;True;2688.20;29.38;2688.2;3.05;2688.2;50.70;2632.0;True;2632.00;9.24;2633.0;4.11;2632.0;6.61;2540.4;True;2540.40;6.94;2545.2;4.46;2540.4;4.55
24;90;2;2690.0;False;2689.64;TL;2692.0;37.32;2705.8;120.00;3231.8;True;3231.80;1477.36;3231.8;8.17;3252.8;120.00;2651.2;True;2651.20;508.08;2651.6;5.04;2651.6;120.00;2547.6;True;2547.60;275.45;2549.6;8.22;2552.6;120.00;2527.8;True;2527.80;317.06;2531.6;12.78;2534.6;120.00;2437.2;True;2435.60;TL;2439.6;39.27;2461.2;120.00
24;90;3;2828.4;True;2828.40;19.72;2828.4;1.90;2828.4;15.30;3448.6;True;3448.60;90.81;3452.6;6.50;3450.0;120.00;2791.2;True;2791.20;27.19;2795.0;6.96;2791.2;38.62;2701.4;True;2701.40;32.32;2703.0;5.14;2701.4;33.31;2649.6;True;2649.60;113.30;2653.2;16.41;2649.6;120.00;2541.4;True;2541.40;8.32;2543.0;4.41;2541.4;7.42
24;90;4;2829.6;True;2829.60;264.63;2831.6;17.26;2829.6;120.00;3462.6;True;3462.60;58.21;3463.6;6.28;3462.6;36.78;2781.2;True;2781.20;10.70;2783.2;3.53;2781.2;4.07;2679.2;True;2679.20;29.63;2679.2;5.26;2679.2;43.16;2650.8;True;2650.80;120.91;2653.8;4.55;2650.8;113.69;2550.2;True;2550.20;110.61;2552.6;5.43;2550.2;120.00
24;90;5;2630.4;False;2629.28;TL;2630.4;7.20;2630.4;120.00;3194.4;True;3194.40;335.29;3197.0;16.40;3194.6;120.00;2603.4;True;2603.40;673.29;2603.4;12.17;2603.4;120.00;2503.0;True;2503.00;168.95;2503.0;12.08;2503.0;120.00;2433.8;True;2433.80;315.03;2435.8;55.28;2433.8;120.00;2365.6;True;2365.60;438.10;2366.6;14.02;2371.8;120.00
24;90;6;2702.8;True;2702.80;657.70;2704.2;8.34;2705.0;120.00;3252.4;True;3252.40;7.32;3253.0;1.50;3252.4;2.85;2713.6;True;2713.60;73.57;2713.6;1.72;2713.6;59.17;2601.2;True;2601.20;42.24;2602.2;5.44;2601.2;45.01;2551.2;True;2551.20;94.24;2551.8;8.65;2551.8;120.00;2472.8;True;2472.80;143.93;2475.6;8.09;2472.8;120.00
24;90;7;2874.2;True;2874.20;44.70;2876.2;10.24;2874.2;65.20;3447.8;True;3447.80;1441.47;3453.8;12.36;3457.8;120.00;2899.0;True;2899.00;57.45;2900.6;4.13;2899.0;92.97;2788.2;True;2788.20;27.38;2791.0;6.80;2788.2;23.93;2694.0;True;2694.00;4.77;2694.0;0.93;2694.0;9.23;2623.2;True;2623.20;125.00;2625.0;5.77;2623.8;120.00
24;90;8;2716.0;True;2716.00;1604.77;2716.0;36.37;2721.0;120.00;3243.2;True;3243.20;249.49;3252.6;120.00;3243.2;120.00;2731.6;True;2731.60;1263.06;2733.8;30.72;2734.0;120.00;2636.0;False;2635.25;TL;2643.0;48.46;2644.0;120.00;2572.4;True;2572.40;2832.85;2577.4;71.47;2581.6;120.00;2497.4;True;2497.40;890.93;2497.4;6.18;2499.4;120.00
24;90;9;2838.4;True;2838.40;1090.79;2838.8;9.92;2839.2;120.00;3422.8;True;3422.80;1973.22;3426.2;9.12;3442.2;120.00;2789.8;True;2789.80;14.41;2789.8;3.09;2789.8;8.83;2708.6;True;2708.60;323.07;2709.6;8.13;2708.6;120.00;2674.2;True;2674.20;226.99;2682.0;42.31;2675.8;120.00;2582.2;True;2582.20;225.91;2586.0;6.35;2585.0;120.00
24;90;10;2789.0;True;2789.00;65.90;2789.0;8.86;2789.0;120.00;3301.2;True;3301.20;48.86;3304.2;6.86;3301.2;63.55;2829.4;True;2829.40;46.19;2833.4;8.77;2829.4;33.90;2712.6;True;2712.60;45.44;2713.6;4.56;2712.6;39.51;2611.4;True;2611.40;27.84;2612.2;2.51;2611.4;27.69;2545.2;True;2545.20;26.15;2546.2;18.90;2545.2;36.03
24;100;1;3304.2;True;3304.20;12.23;3304.2;2.54;3304.2;5.98;4002.2;True;4002.20;87.03;4002.2;7.01;4003.6;120.00;3359.2;True;3359.20;55.88;3363.6;8.91;3359.2;38.40;3241.6;True;3241.60;103.41;3241.6;8.05;3241.6;120.00;3115.6;True;3115.60;10.88;3115.6;4.06;3115.6;7.90;3036.0;True;3036.00;56.56;3038.2;8.00;3036.0;56.87
24;100;2;3187.6;True;3187.60;27.01;3187.6;17.04;3187.6;18.51;3867.0;True;3867.00;46.71;3867.4;4.65;3867.0;56.33;3180.2;True;3180.20;414.06;3181.8;16.35;3180.2;120.00;3039.0;True;3039.00;105.81;3041.0;8.32;3039.0;72.87;2993.6;True;2993.60;19.83;2996.2;8.25;2993.6;17.79;2873.6;True;2873.60;12.48;2873.6;5.18;2873.6;12.08
24;100;3;3096.2;True;3096.20;673.27;3097.2;19.27;3096.4;120.00;3761.4;True;3761.40;164.46;3764.4;6.64;3761.4;120.00;3123.8;True;3123.80;229.21;3124.8;22.54;3124.2;120.00;2980.4;True;2980.40;211.40;2981.4;8.42;2980.4;120.00;2902.2;True;2902.20;599.03;2902.2;8.31;2904.2;120.00;2818.8;True;2818.80;368.98;2822.4;44.08;2820.8;120.00
24;100;4;2999.4;True;2999.40;32.93;3007.0;16.92;3007.0;120.00;3677.4;True;3677.40;107.25;3680.4;10.32;3677.4;88.91;3011.8;True;3011.80;365.15;3013.8;7.90;3011.8;120.00;2888.6;True;2888.60;112.94;2889.8;4.37;2888.6;86.24;2835.6;True;2835.60;20.54;2843.6;45.84;2835.6;12.62;2743.0;True;2743.00;340.74;2743.0;14.37;2744.2;120.00
24;100;5;3104.6;True;3104.60;259.85;3110.0;10.25;3108.8;120.00;3788.2;True;3788.20;960.25;3797.2;39.21;3788.2;120.00;3136.6;False;3131.96;TL;3137.6;58.20;3143.6;120.00;3013.4;True;3013.40;334.79;3017.4;16.87;3020.4;120.00;2930.0;True;2930.00;85.10;2932.0;17.38;2930.0;71.34;2833.8;True;2833.80;10.91;2833.8;4.61;2833.8;6.32
24;100;6;2937.8;True;2937.80;72.55;2939.6;40.58;2937.8;69.92;3510.8;True;3510.80;258.04;3512.0;10.06;3512.8;120.00;2926.4;True;2926.40;260.92;2928.4;13.42;2930.4;120.00;2814.4;True;2814.40;328.73;2820.0;44.78;2824.4;120.00;2748.8;True;2748.80;938.07;2750.8;86.11;2757.2;120.00;2671.0;False;2668.08;TL;2671.0;49.92;2676.2;120.00
24;100;7;2999.4;True;2999.40;93.65;3001.4;8.15;2999.4;120.00;3603.4;True;3603.40;25.79;3603.4;6.22;3603.4;13.23;3052.6;True;3052.60;26.36;3054.8;4.52;3052.6;21.07;2960.2;True;2960.20;416.81;2961.8;20.93;2961.8;120.00;2861.8;True;2861.80;270.65;2861.8;14.02;2861.8;120.00;2764.6;True;2764.60;15.99;2766.6;9.81;2764.6;12.95
24;100;8;2965.4;True;2965.40;3418.60;2967.0;25.87;2965.4;120.00;3487.6;True;3487.60;883.96;3491.4;60.24;3500.0;120.00;2932.6;True;2932.60;412.01;2935.8;13.81;2938.6;120.00;2816.4;True;2816.40;124.08;2818.4;20.17;2816.4;120.00;2760.8;True;2760.80;1742.02;2763.4;72.92;2763.6;120.00;2678.4;True;2678.40;364.51;2681.4;23.87;2679.4;120.00
24;100;9;3055.4;True;3055.40;159.19;3057.4;8.96;3057.2;120.00;3763.6;True;3763.60;48.19;3765.8;7.88;3763.6;53.80;3078.8;True;3078.80;84.98;3082.2;21.76;3078.8;92.22;2947.6;True;2947.60;20.23;2948.6;5.72;2947.6;9.80;2863.6;True;2863.60;31.31;2863.6;7.35;2863.6;14.93;2784.2;True;2784.20;47.66;2787.2;11.29;2784.2;91.78
24;100;10;3071.2;True;3071.20;180.94;3071.2;4.21;3071.2;120.00;3795.4;True;3795.40;166.81;3795.8;44.14;3814.2;120.00;3027.2;True;3027.20;377.58;3033.2;76.58;3027.2;120.00;2910.8;True;2910.80;107.18;2913.4;8.02;2910.8;87.99;2859.0;True;2859.00;48.27;2869.0;45.96;2859.0;43.56;2782.8;True;2782.80;265.00;2783.6;11.63;2783.2;120.00
36;20;1;561.0;True;561.00;0.13;561.0;0.13;561.0;0.13;699.2;True;699.20;0.38;700.8;0.22;699.2;0.23;598.2;True;598.20;0.06;598.2;0.07;598.2;0.07;554.2;True;554.20;0.06;554.2;0.07;554.2;0.06;537.2;True;537.20;1.06;537.2;0.25;537.2;0.28;520.2;True;520.20;1.38;521.0;0.51;520.2;0.75
36;20;2;575.0;True;575.00;0.12;575.0;0.11;575.0;0.09;707.0;True;707.00;0.11;707.0;0.15;707.0;0.14;597.2;True;597.20;0.22;597.2;0.21;597.2;0.25;566.2;True;566.20;0.12;566.2;0.12;566.2;0.12;546.0;True;546.00;1.11;546.0;0.43;546.0;0.35;529.2;True;529.20;1.18;531.2;0.57;529.2;0.67
36;20;3;573.8;True;573.80;1.63;580.8;0.52;573.8;0.62;715.8;True;715.80;1.08;715.8;0.50;715.8;0.51;612.0;True;612.00;0.06;612.0;0.06;612.0;0.05;571.0;True;571.00;0.11;571.0;0.10;571.0;0.11;547.0;True;547.00;0.16;547.0;0.16;547.0;0.17;531.0;True;531.00;0.27;531.0;0.27;531.0;0.29
36;20;4;552.0;True;552.00;0.13;552.0;0.13;552.0;0.32;685.8;True;685.80;0.74;685.8;0.29;685.8;0.33;556.0;True;556.00;0.60;556.0;0.35;556.0;0.19;523.6;True;523.60;0.09;523.6;0.09;523.6;0.09;528.4;True;528.40;0.12;528.4;0.12;528.4;0.19;500.2;True;500.20;0.27;500.2;0.26;500.2;0.27
36;20;5;521.2;True;521.20;0.58;521.2;0.22;521.2;0.29;622.4;True;622.40;0.13;622.4;0.15;622.4;0.14;577.2;True;577.20;0.14;577.2;0.13;577.2;0.14;535.2;True;535.20;0.09;535.2;0.09;535.2;0.09;486.4;True;486.40;0.11;486.4;0.11;486.4;0.15;482.2;True;482.20;0.17;482.2;0.17;482.2;0.18
36;20;6;416.8;True;416.80;4.11;416.8;1.13;416.8;1.70;517.8;True;517.80;0.09;517.8;0.11;517.8;0.11;459.8;True;459.80;0.15;459.8;0.15;459.8;0.16;431.8;True;431.80;0.22;431.8;0.21;431.8;0.21;398.8;True;398.80;0.17;398.8;0.17;398.8;0.18;392.8;True;392.80;0.27;392.8;0.27;392.8;0.29
36;20;7;521.4;True;521.40;1.66;521.4;0.37;521.4;0.27;646.4;True;646.40;0.86;646.6;0.26;646.4;0.26;529.6;True;529.60;1.67;531.6;0.16;529.6;0.89;506.6;True;506.60;0.17;506.6;0.13;506.6;0.17;487.6;True;487.60;0.08;487.6;0.08;487.6;0.08;475.6;True;475.60;0.10;475.6;0.10;475.6;0.10
36;20;8;528.0;True;528.00;0.11;528.0;0.11;528.0;0.14;701.0;True;701.00;1.39;701.0;0.40;701.0;0.51;533.8;True;533.80;0.18;533.8;0.18;533.8;0.23;520.8;True;520.80;0.79;521.8;0.36;520.8;0.36;501.8;True;501.80;0.79;501.8;0.29;501.8;0.19;486.0;True;486.00;0.15;486.0;0.15;486.0;0.16
36;20;9;580.8;True;580.80;0.64;581.0;0.07;580.8;0.15;731.8;True;731.80;0.17;731.8;0.11;731.8;0.06;608.0;True;608.00;0.02;608.0;0.02;608.0;0.02;578.0;True;578.00;0.03;578.0;0.03;578.0;0.03;545.8;True;545.80;0.04;545.8;0.04;545.8;0.04;533.0;True;533.00;0.08;533.0;0.08;533.0;0.09
36;20;10;437.6;True;437.60;12.22;437.6;1.59;437.6;5.13;548.6;True;548.60;1.09;548.6;1.20;548.6;1.21;453.8;True;453.80;0.10;453.8;0.10;453.8;0.12;425.8;True;425.80;0.15;425.8;0.13;425.8;0.14;410.6;True;410.60;0.23;410.6;0.23;410.6;0.29;393.8;True;393.80;0.42;393.8;0.42;393.8;0.44
36;30;1;767.6;True;767.60;2.95;770.6;1.36;767.6;1.28;986.2;True;986.20;5.31;986.2;1.60;986.2;2.28;813.6;True;813.60;0.21;813.6;0.22;813.6;0.23;778.4;True;778.40;0.23;778.4;0.22;778.4;0.23;739.0;True;739.00;2.26;741.6;1.36;739.0;1.89;721.8;True;721.80;1.58;721.8;0.82;721.8;0.91
36;30;2;806.4;True;806.40;1.54;806.4;0.67;806.4;0.59;1019.6;True;1019.60;17.18;1019.6;1.49;1019.6;2.91;918.4;True;918.40;1.78;918.4;0.41;918.4;0.67;852.6;True;852.60;1.18;860.6;0.61;852.6;0.73;789.4;True;789.40;5.15;789.6;0.98;789.4;1.81;772.4;True;772.40;4.29;772.4;1.34;772.4;3.34
36;30;3;647.4;True;647.40;2.31;647.4;0.88;647.4;1.20;846.4;True;846.40;0.47;846.4;0.51;846.4;0.92;678.4;True;678.40;10.17;678.4;2.97;678.4;4.76;656.8;True;656.80;12.30;659.8;3.23;656.8;5.62;620.2;True;620.20;1.48;620.2;0.83;620.2;0.66;604.6;True;604.60;0.89;604.6;0.95;604.6;1.01
36;30;4;684.2;True;684.20;55.93;684.2;5.20;684.2;30.14;841.2;True;841.20;4.57;841.2;1.72;841.2;1.60;727.2;True;727.20;4.91;728.2;1.34;727.2;1.66;681.2;True;681.20;4.34;681.2;1.43;681.2;1.62;641.2;True;641.20;2.51;641.2;1.19;641.2;0.74;633.0;True;633.00;13.01;633.0;3.45;633.0;4.72
36;30;5;690.0;True;690.00;0.78;690.0;0.35;690.0;0.27;843.2;True;843.20;1.00;843.2;0.42;843.2;0.52;713.4;True;713.40;0.22;713.4;0.22;713.4;0.23;695.2;True;695.20;3.23;697.2;1.10;695.2;1.21;652.4;True;652.40;0.18;652.4;0.23;652.4;0.20;638.2;True;638.20;0.46;638.2;0.49;638.2;0.52
36;30;6;684.4;True;684.40;8.28;684.4;1.04;684.4;6.97;853.4;True;853.40;1.62;856.2;0.38;853.4;0.79;739.4;True;739.40;0.18;739.4;0.19;739.4;0.18;684.4;True;684.40;0.26;684.4;0.28;684.4;0.28;655.4;True;655.40;0.80;660.4;1.07;655.4;0.43;639.4;True;639.40;1.08;642.2;1.37;639.4;0.79
36;30;7;674.2;True;674.20;65.82;674.2;2.99;674.2;108.84;852.0;True;852.00;2.83;852.0;1.31;852.0;0.88;711.2;True;711.20;0.21;711.2;0.21;711.2;0.20;673.2;True;673.20;0.33;673.2;0.34;673.2;0.35;642.2;True;642.20;3.08;642.2;1.35;642.2;1.28;630.0;True;630.00;14.67;630.2;2.71;630.0;4.00
36;30;8;745.6;True;745.60;31.29;747.6;1.48;745.6;44.09;911.6;True;911.60;0.10;911.6;0.11;911.6;0.11;794.6;True;794.60;0.14;794.6;0.15;794.6;0.14;743.6;True;743.60;1.27;743.6;0.44;743.6;0.40;703.4;True;703.40;1.26;703.4;0.37;703.4;0.60;682.4;True;682.40;0.27;682.4;0.29;682.4;0.31
36;30;9;691.2;True;691.20;21.04;691.2;1.82;691.2;11.37;885.0;True;885.00;7.09;885.0;1.43;885.0;2.13;742.0;True;742.00;2.86;742.0;0.79;742.0;0.87;709.2;True;709.20;2.09;713.0;1.60;709.2;1.56;663.0;True;663.00;8.69;663.0;1.47;663.0;2.26;653.0;True;653.00;14.60;653.0;2.47;653.0;7.30
36;30;10;664.2;True;664.20;63.57;664.2;2.46;664.2;37.91;864.2;True;864.20;15.65;865.2;3.28;864.2;3.09;693.2;True;693.20;4.10;693.2;1.65;693.2;1.37;669.2;True;669.20;6.36;669.2;2.48;669.2;1.95;633.2;True;633.20;2.93;633.2;1.40;633.2;1.47;614.2;True;614.20;14.55;614.2;4.68;614.2;6.21
36;40;1;1014.8;True;1014.80;4.28;1014.8;2.08;1014.8;1.02;1278.6;True;1278.60;20.42;1279.4;2.95;1278.6;5.49;1108.8;True;1108.80;7.25;1110.8;1.61;1108.8;2.76;1042.8;True;1042.80;3.52;1049.6;2.83;1042.8;1.73;985.8;True;985.80;13.99;985.8;1.50;985.8;5.21;957.0;True;957.00;2.68;959.0;1.40;957.0;1.70
36;40;2;895.0;True;895.00;24.13;895.0;4.43;895.0;10.01;1155.2;True;1155.20;83.72;1159.0;5.62;1155.2;22.67;972.0;True;972.00;16.41;977.0;2.92;972.0;12.93;928.6;True;928.60;7.24;930.0;2.79;928.6;4.76;873.6;True;873.60;25.78;873.6;3.18;873.6;28.10;845.2;True;845.20;25.60;845.2;5.11;845.2;9.47
36;40;3;1019.4;True;1019.40;27.04;1019.4;2.73;1019.4;14.56;1264.6;True;1264.60;0.36;1264.6;0.41;1264.6;0.40;1096.6;True;1096.60;2.44;1096.6;2.06;1096.6;2.00;1067.6;True;1067.60;36.85;1068.8;3.11;1067.6;24.88;982.6;True;982.60;2.68;982.6;1.26;982.6;1.28;960.4;True;960.40;7.99;961.6;3.80;960.4;3.62
36;40;4;909.8;True;909.80;43.75;909.8;4.48;909.8;12.90;1118.8;True;1118.80;80.29;1119.8;6.69;1118.8;32.98;985.0;True;985.00;19.45;985.0;2.82;985.0;26.61;927.0;True;927.00;75.38;932.0;9.11;927.0;38.45;867.2;True;867.20;17.70;867.2;4.32;867.2;6.27;853.0;True;853.00;31.90;854.0;6.34;853.0;21.06
36;40;5;936.6;True;936.60;89.27;937.8;5.62;936.6;30.16;1146.6;True;1146.60;14.67;1149.6;5.99;1146.6;5.04;968.6;True;968.60;4.01;968.6;1.20;968.6;1.55;921.6;True;921.60;6.37;921.6;1.79;921.6;2.27;898.6;True;898.60;40.86;899.6;4.68;898.6;51.40;871.6;True;871.60;142.38;875.6;7.88;871.6;120.00
36;40;6;946.8;True;946.80;34.88;946.8;3.33;946.8;18.85;1175.4;True;1175.40;93.16;1178.6;4.81;1175.4;28.62;985.8;True;985.80;1.84;985.8;1.88;985.8;2.48;941.8;True;941.80;1.21;941.8;1.24;941.8;1.36;909.6;True;909.60;23.47;912.6;4.21;909.6;10.28;880.6;True;880.60;36.04;881.6;4.44;880.6;15.05
36;40;7;950.8;True;950.80;16.89;957.0;2.68;950.8;5.87;1160.8;True;1160.80;5.77;1163.8;1.94;1160.8;2.22;983.8;True;983.80;3.54;983.8;0.95;983.8;1.51;935.8;True;935.80;2.27;939.8;2.36;935.8;1.41;891.0;True;891.00;7.39;893.0;1.04;891.0;2.81;867.0;True;867.00;4.75;870.8;3.42;867.0;3.60
36;40;8;900.8;True;900.80;43.76;900.8;10.18;900.8;29.22;1148.6;True;1148.60;2.00;1148.6;2.21;1148.6;3.87;941.6;True;941.60;13.22;948.6;4.17;941.6;5.79;903.8;True;903.80;4.25;904.8;1.62;903.8;3.95;844.8;True;844.80;0.68;844.8;0.70;844.8;1.41;830.8;True;830.80;23.15;833.8;2.62;830.8;30.47
36;40;9;893.2;True;893.20;119.97;895.2;5.71;893.2;95.20;1108.4;True;1108.40;0.94;1108.4;1.04;1108.4;1.88;916.4;True;916.40;0.72;916.4;0.74;916.4;1.04;873.4;True;873.40;6.22;873.4;2.95;873.4;5.00;852.2;True;852.20;110.35;852.4;5.74;852.2;87.82;813.4;True;813.40;5.91;821.8;6.18;813.4;5.12
36;40;10;931.8;True;931.80;30.55;931.8;2.29;931.8;22.48;1167.0;True;1167.00;6.24;1167.0;1.36;1167.0;2.41;978.2;True;978.20;2.95;978.2;0.68;978.2;0.93;929.2;True;929.20;3.53;929.2;1.39;929.2;2.57;885.0;True;885.00;18.58;886.0;2.70;885.0;8.48;859.0;True;859.00;16.80;863.0;5.12;859.0;13.46
36;50;1;1198.4;True;1198.40;248.96;1203.4;35.53;1198.4;120.00;1536.0;True;1536.00;200.80;1537.2;16.64;1536.0;120.00;1226.2;True;1226.20;7.47;1226.2;3.78;1226.2;3.10;1178.2;True;1178.20;198.91;1179.2;6.99;1178.2;83.88;1140.2;True;1140.20;489.96;1141.2;13.07;1140.2;120.00;1105.2;True;1105.20;214.08;1106.4;11.35;1105.2;120.00
36;50;2;1026.8;False;1025.76;TL;1026.8;15.21;1026.8;120.00;1319.8;True;1319.80;31.17;1323.6;6.53;1319.8;18.32;1111.0;True;1111.00;19.64;1112.0;2.42;1111.0;8.72;1055.8;True;1055.80;253.10;1056.0;7.16;1056.0;120.00;996.8;True;996.80;444.09;998.8;15.93;996.8;120.00;964.8;True;964.80;88.69;964.8;8.78;964.8;53.17
36;50;3;1148.0;True;1148.00;292.20;1156.8;29.18;1148.0;120.00;1463.0;True;1463.00;84.00;1471.0;13.86;1463.0;33.44;1221.2;True;1221.20;13.55;1221.2;3.28;1221.2;4.36;1166.2;True;1166.20;59.70;1171.2;34.71;1166.2;40.33;1101.0;True;1101.00;38.97;1105.2;12.76;1101.0;25.90;1068.4;True;1068.40;23.86;1068.4;14.67;1068.4;24.18
36;50;4;1151.4;True;1151.40;37.05;1151.4;5.99;1151.4;18.11;1454.0;True;1454.00;25.27;1454.0;4.44;1454.0;7.52;1230.4;True;1230.40;11.12;1230.4;2.33;1230.4;4.61;1163.4;True;1163.40;5.59;1164.4;2.84;1163.4;2.91;1103.4;True;1103.40;116.16;1106.0;6.68;1103.4;120.00;1071.4;True;1071.40;53.17;1071.4;5.71;1071.4;21.39
36;50;5;1200.2;True;1200.20;56.25;1205.2;10.98;1200.2;120.00;1498.4;True;1498.40;20.00;1502.4;4.18;1498.4;15.15;1293.6;True;1293.60;4.54;1295.4;0.96;1293.6;1.88;1234.2;True;1234.20;7.64;1235.2;1.50;1234.2;2.98;1149.4;True;1149.40;32.45;1150.6;7.13;1149.4;18.05;1120.2;True;1120.20;18.26;1124.8;4.51;1120.2;10.01
36;50;6;1157.4;True;1157.40;254.78;1157.6;18.46;1157.6;120.00;1423.4;True;1423.40;100.24;1430.2;25.05;1423.4;76.03;1244.4;True;1244.40;101.29;1248.4;7.16;1244.4;62.25;1181.4;True;1181.40;151.36;1181.4;7.29;1181.4;92.65;1112.2;True;1112.20;122.87;1116.4;35.51;1112.2;47.69;1084.6;True;1084.60;69.09;1087.6;9.49;1084.6;109.57
36;50;7;1017.6;True;1017.60;720.72;1017.6;25.58;1020.2;120.00;1260.2;True;1260.20;33.06;1261.2;6.28;1260.2;8.26;1043.4;True;1043.40;28.45;1048.4;4.51;1043.4;26.67;1011.4;True;1011.40;343.93;1016.4;33.61;1012.4;120.00;959.8;True;959.80;94.44;960.8;12.38;959.8;29.47;929.6;True;929.60;52.87;932.4;8.56;929.6;42.81
36;50;8;1020.6;True;1020.60;598.45;1025.6;33.62;1025.6;120.00;1303.2;True;1303.20;25.79;1303.2;17.37;1303.2;14.58;1067.8;True;1067.80;61.50;1067.8;8.06;1067.8;30.12;1021.8;True;1021.80;130.46;1028.8;37.75;1021.8;96.00;973.6;True;973.60;118.06;974.6;5.08;973.6;120.00;946.2;True;946.20;22.98;956.6;26.95;946.2;21.40
36;50;9;1025.4;True;1025.40;261.92;1027.4;17.20;1025.4;120.00;1284.6;True;1284.60;18.41;1286.4;3.43;1284.6;13.39;1075.0;True;1075.00;1.23;1075.0;1.21;1075.0;1.29;1018.8;True;1018.80;4.24;1020.8;2.03;1018.8;2.15;967.0;True;967.00;6.19;970.0;2.48;967.0;4.17;953.6;True;953.60;28.03;959.6;15.60;953.6;13.28
36;50;10;1150.2;True;1150.20;421.51;1150.2;10.72;1150.2;120.00;1462.4;True;1462.40;54.61;1468.4;21.88;1462.4;22.87;1227.4;True;1227.40;22.31;1229.4;6.38;1227.4;7.94;1177.4;True;1177.40;7.54;1177.4;4.28;1177.4;5.09;1100.6;True;1100.60;168.60;1103.6;7.38;1100.6;120.00;1074.4;True;1074.40;28.06;1079.6;8.74;1074.4;31.23
36;60;1;1278.6;True;1278.60;1836.90;1285.8;120.00;1281.6;120.00;1553.8;True;1553.80;105.88;1553.8;8.74;1553.8;120.00;1361.0;True;1361.00;326.96;1363.0;23.15;1361.0;120.00;1288.4;True;1288.40;30.24;1288.4;10.81;1288.4;23.70;1216.6;True;1216.60;107.91;1222.6;40.74;1216.6;120.00;1197.4;True;1197.40;164.43;1202.4;71.98;1198.4;120.00
36;60;2;1214.2;True;1214.20;835.13;1219.2;104.15;1224.2;120.00;1545.0;True;1545.00;288.16;1560.0;120.00;1545.0;120.00;1266.8;True;1266.80;76.21;1278.2;34.94;1266.8;58.98;1216.2;True;1216.20;105.39;1216.2;9.91;1216.2;120.00;1151.4;True;1151.40;479.65;1168.0;120.00;1157.4;120.00;1127.4;True;1127.40;298.80;1131.8;79.41;1127.4;120.00
36;60;3;1332.8;True;1332.80;24.17;1332.8;7.81;1332.8;22.79;1694.6;True;1694.60;89.74;1699.6;13.71;1694.6;85.13;1447.4;True;1447.40;92.71;1455.4;17.66;1447.4;39.84;1374.0;True;1374.00;190.02;1380.8;43.55;1374.0;120.00;1287.6;True;1287.60;465.14;1287.6;15.32;1295.8;120.00;1259.4;True;1259.40;282.25;1263.6;14.94;1260.8;120.00
36;60;4;1233.6;True;1233.60;2909.48;1233.6;41.01;1233.6;120.00;1555.0;True;1555.00;325.81;1559.6;36.88;1555.0;120.00;1324.6;True;1324.60;19.74;1328.6;16.51;1324.6;18.80;1250.6;True;1250.60;15.17;1252.6;13.22;1250.6;5.68;1195.4;True;1195.40;1044.12;1197.6;89.04;1196.4;120.00;1155.2;True;1155.20;360.24;1156.4;25.24;1155.4;120.00
36;60;5;1414.8;True;1414.80;359.16;1415.6;13.39;1414.8;120.00;1825.6;True;1825.60;157.42;1825.6;44.73;1828.8;120.00;1498.0;True;1498.00;24.68;1498.0;4.99;1498.0;6.48;1441.0;True;1441.00;33.90;1446.0;13.48;1441.0;20.09;1363.0;True;1363.00;182.21;1363.8;8.23;1363.0;120.00;1336.0;True;1336.00;109.19;1336.0;12.62;1336.0;33.42
36;60;6;1521.8;True;1521.80;998.81;1528.0;31.46;1521.8;120.00;1876.4;True;1876.40;104.30;1886.6;44.90;1877.4;120.00;1654.8;True;1654.80;83.31;1664.4;9.38;1654.8;120.00;1570.0;True;1570.00;157.03;1575.8;23.06;1570.0;120.00;1459.8;True;1459.80;8.29;1459.8;3.24;1459.8;13.47;1431.6;True;1431.60;23.68;1436.2;10.92;1431.6;42.19
36;60;7;1418.8;True;1418.80;46.19;1427.0;31.22;1418.8;24.66;1779.8;True;1779.80;20.32;1787.8;30.64;1779.8;23.69;1448.0;True;1448.00;10.94;1456.0;10.61;1448.0;3.94;1414.2;True;1414.20;20.10;1416.0;13.68;1414.2;11.07;1355.0;True;1355.00;192.72;1359.0;30.75;1356.0;120.00;1322.0;True;1322.00;49.46;1325.8;10.22;1322.0;38.95
36;60;8;1402.6;True;1402.60;124.89;1403.6;9.62;1402.6;71.79;1777.4;True;1777.40;31.39;1779.4;11.28;1777.4;11.82;1513.2;True;1513.20;73.56;1517.2;7.60;1513.2;66.18;1429.2;True;1429.20;42.94;1435.4;28.09;1429.2;31.03;1345.4;True;1345.40;127.04;1348.4;11.85;1345.4;54.46;1320.4;True;1320.40;137.00;1321.4;71.62;1320.4;120.00
36;60;9;1161.8;True;1161.80;82.15;1176.0;120.00;1161.8;120.00;1475.4;True;1475.40;11.83;1477.0;19.89;1475.4;6.85;1248.4;True;1248.40;20.89;1252.2;10.77;1248.4;14.68;1184.4;True;1184.40;28.29;1191.4;16.01;1184.4;55.32;1118.2;True;1118.20;37.18;1120.2;8.92;1118.2;49.82;1092.2;True;1092.20;17.79;1097.0;11.19;1092.2;27.89
36;60;10;1393.2;True;1393.20;840.85;1397.8;64.16;1396.6;120.00;1754.2;True;1754.20;244.55;1761.2;44.37;1758.0;120.00;1489.0;True;1489.00;122.49;1490.0;18.78;1489.0;76.80;1405.0;True;1405.00;91.69;1405.6;8.42;1405.0;81.54;1328.2;True;1328.20;77.21;1338.0;53.51;1328.2;29.46;1302.8;True;1302.80;119.70;1302.8;12.70;1302.8;77.33
36;70;1;1527.8;False;1525.50;TL;1530.8;53.03;1530.8;120.00;1906.4;True;1906.40;2426.38;1923.2;120.00;1908.8;120.00;1618.8;True;1618.80;369.68;1624.8;52.68;1619.8;120.00;1541.0;True;1541.00;1887.61;1544.8;63.15;1544.8;120.00;1479.0;True;1479.00;1391.89;1484.8;113.45;1481.8;120.00;1431.8;True;1431.80;346.49;1451.0;119.45;1440.8;120.00
36;70;2;1625.4;True;1625.40;130.54;1632.4;102.07;1633.4;120.00;2033.4;True;2033.40;8.55;2033.4;11.23;2033.4;23.73;1652.6;True;1652.60;83.44;1654.8;20.00;1652.6;120.00;1592.8;True;1592.80;262.50;1601.6;94.27;1593.8;120.00;1548.6;True;1548.60;466.71;1559.4;120.00;1554.6;120.00;1491.2;True;1491.20;279.52;1494.2;55.40;1491.2;120.00
36;70;3;1677.8;True;1677.80;325.69;1677.8;13.54;1677.8;120.00;2118.4;True;2118.40;110.35;2126.6;56.03;2118.4;87.13;1771.6;True;1771.60;109.40;1781.6;113.54;1776.6;120.00;1687.6;True;1687.60;84.80;1689.8;27.62;1687.6;54.11;1588.2;True;1588.20;46.52;1593.8;44.81;1588.2;39.07;1551.8;True;1551.80;118.08;1557.6;49.36;1551.8;120.00
36;70;4;1532.2;True;1532.20;74.67;1534.0;19.06;1532.2;120.00;1917.6;True;1917.60;105.18;1931.8;92.69;1917.6;120.00;1653.8;True;1653.80;159.98;1658.8;20.05;1653.8;120.00;1558.8;True;1558.80;144.96;1564.8;67.37;1559.8;120.00;1473.0;True;1473.00;95.30;1568.8;120.00;1473.0;120.00;1440.2;True;1440.20;149.48;1445.2;59.47;1443.0;120.00
36;70;5;1444.6;True;1444.60;1034.55;1450.6;51.15;1444.6;120.00;1836.2;True;1836.20;88.72;1849.6;120.00;1839.4;120.00;1531.0;True;1531.00;60.34;1534.0;28.74;1531.0;60.53;1463.8;True;1463.80;210.93;1473.8;120.00;1466.8;120.00;1389.0;True;1389.00;43.58;1397.2;120.00;1389.0;120.00;1355.8;True;1355.80;80.91;1373.0;119.43;1355.8;120.00
36;70;6;1545.2;False;1544.24;TL;1545.6;108.27;1545.6;120.00;1916.4;True;1916.40;473.85;1916.4;10.82;1918.4;120.00;1615.6;True;1615.60;105.13;1628.4;110.90;1615.6;120.00;1554.4;True;1554.40;149.83;1563.4;73.61;1557.4;120.00;1485.4;True;1485.40;831.70;1493.4;120.00;1487.4;120.00;1446.4;True;1446.40;718.05;1451.8;119.47;1450.0;120.00
36;70;7;1469.6;True;1469.60;48.23;1478.8;82.89;1469.6;62.97;1880.4;True;1880.40;128.33;1883.4;18.45;1880.4;71.09;1595.0;True;1595.00;220.14;1597.0;16.18;1595.0;120.00;1526.0;True;1526.00;213.29;1531.0;105.10;1529.0;120.00;1433.8;True;1433.80;214.92;1441.0;120.00;1435.8;120.00;1400.8;True;1400.80;146.57;1403.8;20.15;1402.8;120.00
36;70;8;1511.2;True;1511.20;1707.24;1519.8;117.29;1516.6;120.00;1907.0;True;1907.00;132.44;1911.2;19.42;1909.2;120.00;1584.2;True;1584.20;100.21;1590.2;19.20;1584.2;115.70;1514.2;True;1514.20;320.36;1518.6;108.42;1516.6;120.00;1442.6;True;1442.60;1382.84;1446.4;69.05;1443.8;120.00;1408.4;True;1408.40;575.23;1408.6;30.87;1409.6;120.00
36;70;9;1673.0;True;1673.00;464.63;1678.0;116.80;1676.0;120.00;2131.4;True;2131.40;3430.64;2136.4;120.00;2138.2;120.00;1753.8;True;1753.80;137.12;1760.8;75.11;1753.8;120.00;1682.0;True;1682.00;213.68;1685.0;66.82;1682.0;120.00;1594.6;True;1594.60;1129.30;1602.6;120.00;1599.4;120.00;1563.8;True;1563.80;342.08;1573.8;119.43;1565.0;120.00
36;70;10;1499.8;True;1499.80;269.89;1504.2;33.72;1499.8;120.00;1886.0;True;1886.00;1014.27;1899.0;120.00;1894.0;120.00;1592.2;True;1592.20;258.39;1597.2;76.92;1592.2;120.00;1507.8;True;1507.80;243.55;1511.2;50.17;1507.8;120.00;1429.0;True;1429.00;1771.13;1443.8;119.41;1434.0;120.00;1396.8;True;1396.80;836.69;1402.2;119.46;1404.2;120.00
36;80;1;1633.6;False;1629.87;TL;1633.6;96.55;1633.6;120.00;2043.4;True;2043.40;2723.32;2049.4;120.00;2054.4;120.00;1700.4;True;1700.40;1270.52;1706.6;118.82;1705.6;120.00;1630.6;True;1630.60;1274.25;1661.6;120.00;1637.6;120.00;1561.8;False;1553.92;TL;1571.6;120.00;1579.6;120.00;1497.6;True;1497.60;432.88;1499.6;114.69;1500.6;120.00
36;80;2;1767.0;False;1764.40;TL;1773.4;112.25;1771.0;120.00;2290.2;True;2290.20;3120.66;2310.8;120.00;2309.2;120.00;1832.2;True;1832.20;302.21;1836.2;107.39;1832.2;120.00;1756.6;True;1756.60;529.52;1767.2;120.00;1761.6;120.00;1678.6;True;1678.60;2132.87;1696.0;120.00;1680.8;120.00;1633.6;True;1633.60;1985.31;1642.2;120.00;1638.2;120.00
36;80;3;1713.6;False;1712.66;TL;1745.6;111.57;1725.4;120.00;2175.0;False;2174.29;TL;2182.0;120.00;2181.6;120.00;1849.0;True;1849.00;2045.36;1873.6;117.09;1854.0;120.00;1760.0;True;1760.00;1091.52;1762.0;90.73;1762.8;120.00;1655.4;False;1654.37;TL;1672.4;120.00;1661.4;120.00;1626.0;False;1625.51;TL;1643.6;120.00;1633.6;120.00
36;80;4;1671.2;True;1671.20;40.63;1710.4;112.15;1671.2;65.87;2129.4;True;2129.40;258.12;2131.6;55.34;2129.6;120.00;1792.0;True;1792.00;93.05;1792.0;85.75;1792.0;120.00;1731.8;True;1731.80;2266.87;1768.6;120.00;1737.0;120.00;1607.2;True;1607.20;8.50;1607.2;20.60;1607.2;10.77;1582.0;True;1582.00;248.54;1588.0;110.92;1582.0;120.00
36;80;5;1914.6;True;1914.60;221.73;1914.6;12.15;1914.6;120.00;2390.4;True;2390.40;483.83;2409.4;120.00;2392.4;120.00;2033.4;True;2033.40;329.71;2055.4;117.24;2037.6;120.00;1950.8;True;1950.80;399.31;1954.8;71.36;1951.8;120.00;1843.6;True;1843.60;1384.82;1853.4;120.00;1848.8;120.00;1797.4;True;1797.40;362.10;1854.0;120.00;1798.4;120.00
36;80;6;1700.4;True;1699.70;TL;1703.2;38.51;1742.2;120.00;2171.4;True;2171.40;743.39;2204.8;120.00;2180.4;120.00;1845.8;True;1845.80;1070.67;1883.8;120.00;1848.8;120.00;1744.8;True;1744.80;828.47;1765.6;120.00;1754.4;120.00;1644.4;True;1644.40;1785.64;1685.8;120.00;1647.4;120.00;1613.0;True;1613.00;3252.10;1656.4;120.00;1624.8;120.00
36;80;7;1639.8;True;1639.80;2579.53;1662.0;112.35;1639.8;120.00;2058.0;True;2058.00;390.14;2065.0;72.70;2058.0;120.00;1725.2;True;1725.20;1564.92;1733.2;116.92;1729.2;120.00;1650.2;True;1650.20;872.44;1655.2;105.99;1654.2;120.00;1574.0;True;1574.00;3442.34;1578.0;103.03;1574.0;120.00;1529.2;True;1529.20;370.86;1536.0;90.81;1534.0;120.00
36;80;8;1845.0;True;1845.00;507.80;1860.8;112.70;1864.8;120.00;2343.6;False;2341.76;TL;2379.0;120.00;2364.0;120.00;1943.2;True;1943.20;28.53;1946.2;6.14;1943.2;33.60;1876.2;True;1876.20;844.54;1883.2;56.89;1880.2;120.00;1785.8;True;1785.80;697.05;1788.6;59.25;1796.6;120.00;1738.4;True;1738.40;3346.91;1744.2;107.30;1765.0;120.00
36;80;9;1568.4;False;1567.42;TL;1571.8;111.68;1570.6;120.00;1997.2;True;1997.20;1959.00;2000.2;93.23;1997.2;120.00;1705.8;True;1705.80;1903.27;1712.4;116.94;1715.4;120.00;1609.6;True;1609.60;1070.48;1620.4;120.00;1614.4;120.00;1506.4;True;1506.40;1359.16;1532.0;120.00;1506.4;120.00;1487.4;False;1486.33;TL;1510.4;120.00;1487.4;120.00
36;80;10;1757.6;True;1757.60;66.82;1761.6;93.94;1757.6;120.00;2194.0;True;2194.00;1419.07;2204.0;84.95;2194.0;120.00;1859.6;True;1859.60;1282.23;1870.6;116.77;1885.8;120.00;1775.8;True;1775.80;116.64;1789.2;120.00;1775.8;120.00;1694.6;True;1694.60;1760.54;1744.2;120.00;1697.6;120.00;1648.6;True;1648.60;357.85;1709.8;120.00;1664.8;120.00
36;90;1;1976.4;True;1976.40;1017.22;2002.8;119.10;1979.6;120.00;2512.2;True;2512.20;1861.01;2514.2;117.40;2512.2;120.00;2101.4;True;2101.40;1247.69;2143.0;120.00;2109.4;120.00;2010.8;True;2010.80;1064.22;2035.4;120.00;2014.8;120.00;1898.8;True;1898.80;1254.41;1931.4;120.00;1906.8;120.00;1860.6;True;1860.60;925.83;1874.6;120.00;1864.4;120.00
36;90;2;1875.2;False;1869.95;TL;1905.2;119.20;1876.0;120.00;2369.2;True;2369.20;1724.28;2384.2;120.00;2380.8;120.00;1954.4;True;1954.40;896.20;2031.0;120.00;1959.4;120.00;1873.4;True;1873.40;1892.80;1892.4;120.00;1882.6;120.00;1795.4;True;1795.40;1941.62;1796.6;108.94;1805.6;120.00;1751.2;True;1751.20;2101.28;1764.2;120.00;1752.2;120.00
36;90;3;1980.6;True;1980.60;506.49;2029.0;119.18;1980.6;120.00;2527.6;True;2527.60;127.48;2528.6;30.75;2527.6;92.07;2081.8;True;2081.80;465.20;2116.0;115.42;2094.8;120.00;2018.8;False;2010.75;TL;2025.6;120.00;2018.8;120.00;1896.8;True;1896.80;358.03;1898.8;82.34;1898.8;120.00;1848.8;True;1848.80;171.12;1884.2;120.00;1848.8;120.00
36;90;4;1979.6;True;1979.60;1819.47;1985.8;120.00;1981.8;120.00;2545.4;True;2545.40;494.77;2593.8;120.00;2551.4;120.00;2100.8;True;2100.80;265.63;2107.8;120.00;2100.8;120.00;2004.8;True;2004.80;534.96;2048.8;120.00;2008.8;120.00;1896.0;True;1896.00;569.72;1899.0;79.14;1896.0;120.00;1851.6;True;1851.60;87.58;1911.6;120.00;1851.6;120.00
36;90;5;1859.4;False;1853.68;TL;1872.6;120.00;1873.4;120.00;2339.0;True;2339.00;11.38;2358.0;120.00;2339.0;6.13;1958.2;True;1958.20;585.98;1961.0;73.11;1958.2;120.00;1860.4;True;1860.40;29.03;1864.4;45.03;1860.4;48.86;1755.8;True;1755.80;1286.51;1793.0;120.00;1777.0;120.00;1725.0;True;1725.00;2532.48;1740.2;120.00;1746.2;120.00
36;90;6;1918.6;True;1918.60;966.45;1939.2;120.00;1918.6;120.00;2425.0;True;2425.00;2322.72;2469.6;120.00;2428.2;120.00;2052.8;True;2052.80;3217.48;2073.8;120.00;2060.6;120.00;1963.4;True;1963.40;2779.76;2007.2;120.00;1973.6;120.00;1852.0;True;1852.00;816.88;1885.2;120.00;1858.0;120.00;1821.2;False;1815.74;TL;1855.8;120.00;1838.0;120.00
36;90;7;2023.2;False;2022.11;TL;2058.4;120.00;2023.2;120.00;2532.8;True;2532.80;780.41;2542.6;115.27;2532.8;120.00;2165.0;True;2165.00;362.81;2180.0;120.00;2165.0;120.00;2068.0;False;2067.75;TL;2098.8;120.00;2072.2;120.00;1933.0;True;1933.00;1620.16;1962.0;120.00;1941.0;120.00;1898.0;True;1898.00;1469.27;1920.8;120.00;1914.0;120.00
36;90;8;1889.2;False;1887.92;TL;1889.2;78.92;1889.4;120.00;2356.0;True;2356.00;2316.22;2380.2;120.00;2356.4;120.00;2024.6;True;2024.60;1165.08;2084.8;120.00;2041.8;120.00;1928.8;True;1928.80;875.81;1949.6;120.00;1929.8;120.00;1823.2;True;1823.20;2737.75;1850.2;120.00;1830.0;120.00;1793.0;False;1791.65;TL;1823.0;120.00;1798.8;120.00
36;90;9;1989.6;True;1989.60;945.21;2014.4;120.00;2003.4;120.00;2501.6;True;2501.60;304.21;2531.6;120.00;2543.2;120.00;2081.2;True;2081.20;2977.15;2095.6;102.83;2092.6;120.00;2001.8;True;2001.80;1437.24;2030.8;120.00;2008.8;120.00;1914.6;False;1912.20;TL;1940.8;120.00;1921.6;120.00;1857.2;True;1857.20;1605.52;1871.0;120.00;1886.0;120.00
36;90;10;1982.6;True;1982.60;3301.71;2013.2;120.00;1994.2;120.00;2447.4;True;2447.40;1038.34;2480.4;120.00;2517.2;120.00;2129.4;True;2129.40;2839.99;2166.0;120.00;2146.2;120.00;2019.8;False;2019.57;TL;2053.0;120.00;2021.8;120.00;1889.8;True;1889.80;72.46;1894.8;108.55;1889.8;83.45;1869.8;False;1866.71;TL;1917.8;120.00;1880.0;120.00
36;100;1;2292.4;True;2292.40;179.78;2301.4;120.00;2292.4;120.00;2904.0;True;2903.18;TL;2961.8;120.00;2905.8;120.00;2477.2;False;2476.19;TL;2583.8;120.00;2492.4;120.00;2363.4;False;2361.81;TL;2413.6;120.00;2368.2;120.00;2202.4;True;2202.40;1761.87;2219.6;120.00;2209.8;120.00;2169.2;True;2169.20;2795.89;2248.0;120.00;2173.2;120.00
36;100;2;2230.4;True;2230.40;483.10;2239.4;120.00;2230.4;120.00;2846.2;True;2846.20;2098.18;2884.6;120.00;2857.2;120.00;2372.4;False;2371.77;TL;2420.4;120.00;2385.2;120.00;2255.4;True;2255.40;847.04;2287.4;120.00;2261.4;120.00;2158.6;False;2157.42;TL;2193.8;120.00;2168.4;120.00;2100.2;True;2100.20;1319.04;2150.8;120.00;2122.4;120.00
36;100;3;2169.4;False;2168.49;TL;2223.4;120.00;2178.2;120.00;2761.2;True;2761.20;1259.32;2761.2;56.83;2761.2;120.00;2327.2;True;2327.20;1689.09;2399.2;120.00;2332.2;120.00;2208.4;True;2208.40;1327.84;2259.2;120.00;2223.4;120.00;2094.2;False;2090.44;TL;2144.4;120.00;2101.6;120.00;2059.4;False;2044.12;TL;2107.0;120.00;2105.0;120.00
36;100;4;2113.0;False;2100.40;TL;2119.8;120.00;2116.8;120.00;2694.8;False;2693.79;TL;2719.6;120.00;2721.4;120.00;2243.2;True;2243.20;1448.22;2251.8;120.00;2247.8;120.00;2143.2;False;2129.34;TL;2231.0;120.00;2161.8;120.00;2037.8;False;2033.63;TL;2065.0;120.00;2037.8;120.00;1997.8;False;1987.07;TL;2010.8;120.00;1997.8;120.00
36;100;5;2185.4;False;2176.91;TL;2205.0;120.00;2222.2;120.00;2765.8;True;2765.80;2547.37;2784.8;120.00;2787.6;120.00;2336.6;True;2336.60;3312.70;2360.0;120.00;2353.6;120.00;2217.4;False;2214.04;TL;2217.4;109.94;2221.4;120.00;2090.8;False;2085.09;TL;2091.6;50.93;2096.6;120.00;2043.6;True;2043.30;TL;2048.4;99.75;2064.2;120.00
36;100;6;2076.2;False;2075.10;TL;2116.4;120.00;2076.2;120.00;2587.4;False;2582.07;TL;2618.6;120.00;2648.8;120.00;2174.2;True;2174.20;2224.17;2231.0;120.00;2229.0;120.00;2086.4;False;2077.82;TL;2103.0;120.00;2139.8;120.00;1983.2;False;1971.25;TL;2017.6;120.00;2016.6;120.00;1927.2;True;1927.20;2935.35;1954.4;120.00;1969.6;120.00
36;100;7;2129.4;True;2129.40;742.60;2132.2;81.69;2129.4;120.00;2694.4;False;2681.21;TL;2736.0;120.00;2707.2;120.00;2292.8;True;2292.80;1005.89;2333.6;120.00;2329.6;120.00;2215.0;False;2201.22;TL;2231.6;120.00;2219.0;120.00;2063.2;True;2063.20;3286.92;2088.8;120.00;2094.0;120.00;2041.2;False;2028.08;TL;2065.4;120.00;2041.2;120.00
36;100;8;2070.0;True;2070.00;942.21;2121.2;120.00;2145.6;120.00;2564.0;True;2564.00;2652.29;2600.4;120.00;2598.4;120.00;2192.2;True;2192.20;2049.19;2236.0;120.00;2217.6;120.00;2105.0;False;2088.54;TL;2133.0;120.00;2105.0;120.00;2005.2;False;1984.84;TL;2038.0;120.00;2018.8;120.00;1947.4;False;1937.06;TL;1971.4;120.00;1966.8;120.00
36;100;9;2164.4;False;2159.48;TL;2182.6;120.00;2164.4;120.00;2794.8;False;2788.81;TL;2831.2;120.00;2801.0;120.00;2301.2;True;2301.20;1809.98;2335.0;120.00;2303.4;120.00;2210.8;True;2210.80;2404.24;2238.2;120.00;2210.8;120.00;2082.2;True;2082.20;1687.40;2131.0;120.00;2086.2;120.00;2036.0;False;2035.65;TL;2073.8;120.00;2051.0;120.00
36;100;10;2136.0;False;2129.73;TL;2148.8;120.00;2136.0;120.00;2742.4;True;2742.40;3160.79;2756.6;120.00;2745.2;120.00;2233.6;True;2233.60;337.03;2309.6;120.00;2233.6;120.00;2139.2;True;2138.41;TL;2239.4;120.00;2142.2;120.00;2022.6;True;2022.60;3169.20;2109.0;120.00;2024.6;120.00;1976.6;True;1976.60;160.04;2065.0;120.00;1982.4;120.00
48;20;1;441.8;True;441.80;0.89;441.8;0.89;441.8;1.30;571.6;True;571.60;0.38;571.6;0.37;571.6;0.43;502.6;True;502.60;0.83;502.6;0.87;502.6;0.90;458.8;True;458.80;0.41;458.8;0.37;458.8;0.38;427.8;True;427.80;4.65;428.8;1.59;427.8;1.98;416.6;True;416.60;3.63;416.6;3.55;416.6;3.27
48;20;2;452.6;True;452.60;11.11;452.6;2.56;452.6;2.12;581.6;True;581.60;1.21;581.6;1.20;581.6;0.74;499.6;True;499.60;0.41;499.6;0.45;499.6;0.52;470.6;True;470.60;0.48;470.6;0.45;470.6;0.45;432.6;True;432.60;0.71;432.6;0.71;432.6;0.42;423.6;True;423.60;0.65;423.6;0.64;423.6;0.93
48;20;3;450.6;True;450.60;2.86;450.6;0.32;450.6;0.65;571.6;True;571.60;0.12;571.6;0.12;571.6;0.12;512.6;True;512.60;0.56;512.6;0.61;512.6;0.59;475.6;True;475.60;0.28;475.6;0.25;475.6;0.26;430.6;True;430.60;0.08;430.6;0.08;430.6;0.08;424.6;True;424.60;0.75;424.6;0.73;424.6;0.84
48;20;4;436.8;True;436.80;0.64;436.8;0.64;436.8;3.72;555.8;True;555.80;0.20;555.8;0.20;555.8;0.34;465.8;True;465.80;0.87;465.8;0.93;465.8;0.84;438.8;True;438.80;0.48;438.8;0.43;438.8;0.47;423.8;True;423.80;4.60;423.8;1.27;423.8;2.91;404.8;True;404.80;0.87;404.8;0.84;404.8;0.87
48;20;5;415.8;True;415.80;0.53;415.8;0.53;415.8;0.42;509.8;True;509.80;0.36;509.8;0.35;509.8;0.36;484.8;True;484.80;0.84;484.8;0.89;484.8;0.85;452.8;True;452.80;5.11;452.8;2.07;452.8;1.98;393.8;True;393.80;0.39;393.8;0.39;393.8;0.39;383.8;True;383.80;0.33;383.8;0.31;383.8;0.34
48;20;6;391.0;True;391.00;10.03;391.0;1.25;391.0;2.42;481.8;True;481.80;0.23;481.8;0.24;481.8;1.26;430.8;True;430.80;0.19;430.8;0.22;430.8;0.19;405.2;True;405.20;0.35;405.2;0.31;405.2;0.31;370.8;True;370.80;0.25;370.8;0.26;370.8;0.27;367.6;True;367.60;0.50;367.6;0.48;367.6;0.50
48;20;7;428.0;True;428.00;9.48;428.0;0.89;428.0;2.70;533.8;True;533.80;0.30;533.8;0.30;533.8;0.31;446.8;True;446.80;0.20;446.8;0.22;446.8;0.20;416.0;True;416.00;0.26;416.0;0.24;416.0;0.24;404.0;True;404.00;0.70;404.0;0.70;404.0;0.79;392.0;True;392.00;0.57;392.0;0.56;392.0;0.57
48;20;8;417.6;True;417.60;0.24;417.6;0.24;417.6;0.31;579.6;True;579.60;8.81;579.6;2.30;579.6;3.18;443.6;True;443.60;0.42;443.6;0.47;443.6;0.65;422.6;True;422.60;0.43;422.6;0.39;422.6;0.38;403.6;True;403.60;0.63;403.6;0.63;403.6;0.63;394.6;True;394.60;0.69;394.6;0.68;394.6;0.72
48;20;9;446.6;True;446.60;0.09;446.6;0.09;446.6;0.11;590.6;True;590.60;0.11;590.6;0.11;590.6;0.12;512.6;True;512.60;0.75;512.6;0.40;512.6;0.33;483.6;True;483.60;2.24;483.6;0.41;483.6;0.49;434.6;True;434.60;2.05;435.6;0.25;434.6;0.46;424.4;True;424.40;1.05;424.4;0.41;424.4;0.46
48;20;10;376.2;True;376.20;0.18;376.2;0.19;376.2;0.35;482.2;True;482.20;0.18;482.2;0.16;482.2;0.19;411.2;True;411.20;0.29;411.2;0.28;411.2;0.30;389.2;True;389.20;0.37;389.2;0.34;389.2;0.35;362.2;True;362.20;0.24;362.2;0.24;362.2;0.25;349.2;True;349.20;0.37;349.2;0.36;349.2;0.37
48;30;1;614.2;True;614.20;4.99;616.2;1.40;614.2;1.18;806.2;True;806.20;4.91;806.2;1.08;806.2;1.74;705.0;True;705.00;4.59;707.2;0.78;705.0;1.75;668.0;True;668.00;1.55;668.0;0.99;668.0;0.97;597.2;True;597.20;3.40;597.2;3.39;597.2;0.97;595.0;True;595.00;11.23;599.2;2.14;595.0;3.49
48;30;2;680.2;True;680.20;118.01;684.2;3.56;680.2;120.00;864.2;True;864.20;9.68;874.2;4.05;864.2;5.98;800.6;True;800.60;25.93;809.2;8.54;800.6;7.79;731.6;True;731.60;10.34;741.6;3.75;731.6;6.32;663.2;True;663.20;55.31;665.2;3.91;663.2;28.06;649.4;True;649.40;6.62;652.0;3.73;649.4;4.67
48;30;3;539.4;True;539.40;41.76;539.4;7.01;539.4;55.12;714.4;True;714.40;2.23;714.4;2.44;714.4;4.68;580.0;True;580.00;31.15;583.0;8.15;580.0;22.74;555.2;True;555.20;25.64;557.2;13.97;555.2;14.03;516.8;True;516.80;13.08;517.2;3.80;516.8;9.02;502.4;True;502.40;3.75;502.4;4.09;502.4;7.95
48;30;4;559.0;True;559.00;33.49;559.0;5.50;559.0;8.18;695.0;True;695.00;0.86;695.0;0.93;695.0;0.95;615.0;True;615.00;1.77;615.0;1.99;615.0;2.10;578.0;True;578.00;19.46;578.0;5.75;578.0;6.62;537.0;True;537.00;89.78;537.0;10.46;537.0;15.62;525.0;True;525.00;71.93;527.0;7.93;525.0;19.05
48;30;5;565.0;True;565.00;28.33;565.0;8.19;565.0;8.70;704.0;True;704.00;3.36;704.0;3.67;704.0;2.66;610.0;True;610.00;40.44;615.0;8.36;610.0;13.76;582.0;True;582.00;4.30;582.0;4.57;582.0;4.65;541.0;True;541.00;23.22;542.0;9.65;541.0;7.27;533.0;True;533.00;64.51;536.0;18.51;533.0;29.15
48;30;6;558.2;True;558.20;1000.56;558.2;10.79;558.2;120.00;716.0;True;716.00;8.76;716.0;9.43;716.0;9.25;632.0;True;632.00;55.41;632.0;6.98;632.0;14.36;582.0;True;582.00;23.81;582.0;9.93;582.0;8.81;538.0;True;538.00;29.96;540.2;4.01;538.0;9.47;530.2;True;530.20;106.79;531.2;17.77;530.2;56.14
48;30;7;552.0;True;552.00;132.85;552.0;11.89;552.0;102.42;718.8;True;718.80;10.48;718.8;4.25;718.8;4.19;622.0;True;622.00;10.13;622.0;4.18;622.0;4.26;584.0;True;584.00;81.94;584.0;6.81;584.0;22.51;534.4;True;534.40;61.84;538.8;8.55;534.4;15.45;522.8;True;522.80;83.30;526.0;8.07;522.8;24.31
48;30;8;571.0;True;571.00;43.80;571.0;15.60;571.0;18.92;731.8;True;731.80;14.03;731.8;4.99;731.8;3.59;645.8;True;645.80;72.56;646.8;10.22;645.8;9.34;599.0;True;599.00;14.12;599.0;5.55;599.0;6.88;548.8;True;548.80;78.80;550.8;6.51;548.8;20.42;535.8;True;535.80;97.73;541.0;46.45;535.8;25.62
48;30;9;565.8;True;565.80;59.88;565.8;10.28;565.8;40.28;742.8;True;742.80;84.67;742.8;8.69;742.8;15.03;634.8;True;634.80;212.33;638.8;15.11;634.8;25.16;602.8;True;602.80;118.36;602.8;15.43;602.8;26.03;546.8;True;546.80;86.87;546.8;10.63;546.8;17.23;541.8;True;541.80;509.05;541.8;31.78;541.8;81.14
48;30;10;537.8;True;537.80;1.82;537.8;1.89;537.8;5.10;729.0;True;729.00;78.92;729.0;6.36;729.0;9.79;592.0;True;592.00;10.05;592.0;5.80;592.0;5.11;572.0;True;572.00;56.83;573.0;11.08;572.0;27.03;527.0;True;527.00;49.15;532.0;10.00;527.0;13.74;513.0;True;513.00;10.12;513.0;11.59;513.0;20.69
48;40;1;806.6;True;806.60;31.56;806.6;5.84;806.6;25.88;1041.8;True;1041.80;15.34;1041.8;4.67;1041.8;6.79;925.8;True;925.80;55.65;928.0;7.25;925.8;32.10;859.0;True;859.00;16.23;860.0;7.18;859.0;6.91;788.0;True;788.00;68.33;788.0;9.71;788.0;27.12;771.6;True;771.60;26.03;771.6;15.77;771.6;19.84
48;40;2;684.2;True;684.20;13.89;686.2;2.90;684.2;3.12;900.4;True;900.40;2.86;900.4;3.01;900.4;2.59;780.4;True;780.40;189.68;785.4;15.90;780.4;32.42;737.4;True;737.40;6.27;737.4;7.58;737.4;11.05;669.4;True;669.40;31.52;669.4;6.84;669.4;6.25;660.2;True;660.20;302.04;662.4;28.88;660.2;76.26
48;40;3;802.8;True;802.80;49.01;802.8;6.92;802.8;25.75;1035.8;True;1035.80;23.24;1044.6;11.22;1035.8;21.78;908.0;True;908.00;141.97;915.8;11.68;908.0;61.09;867.8;True;867.80;42.12;882.0;32.73;867.8;31.06;783.6;True;783.60;94.47;787.8;27.01;783.6;46.99;773.4;True;773.40;182.92;776.8;33.90;773.4;120.00
48;40;4;696.4;True;696.40;16.19;701.4;13.22;696.4;19.95;886.0;True;886.00;19.33;887.0;4.26;886.0;12.59;790.4;True;790.40;1.98;790.4;2.10;790.4;2.83;739.4;True;739.40;7.72;742.4;6.33;739.4;5.17;673.4;True;673.40;29.30;701.4;33.11;673.4;18.44;667.4;True;667.40;104.10;669.2;6.02;667.4;70.60
48;40;5;709.0;True;709.00;1754.61;709.0;16.25;710.2;120.00;900.2;True;900.20;23.59;909.0;12.84;900.2;20.28;778.0;True;778.00;2.09;778.0;2.20;778.0;2.02;731.0;True;731.00;5.45;731.0;4.50;731.0;4.15;685.2;True;685.20;42.30;685.2;5.39;685.2;19.09;672.0;True;672.00;127.18;674.0;7.21;672.0;120.00
48;40;6;776.0;True;776.00;11.23;776.0;3.32;776.0;5.62;977.2;True;977.20;6.31;982.0;4.32;977.2;4.14;838.2;True;838.20;11.48;841.2;5.01;838.2;5.30;803.0;True;803.00;37.29;812.2;20.52;803.0;40.58;750.0;True;750.00;63.99;750.2;4.74;750.0;39.47;732.2;True;732.20;22.06;742.0;31.35;732.2;10.62
48;40;7;791.0;False;789.63;TL;791.0;4.77;791.0;120.00;987.8;True;987.80;32.38;991.0;13.32;987.8;15.98;860.8;True;860.80;40.96;864.6;5.51;860.8;23.42;812.0;True;812.00;45.45;815.0;16.93;812.0;31.76;746.0;True;746.00;10.24;752.0;5.43;746.0;4.33;727.0;True;727.00;22.77;727.0;9.81;727.0;12.42
48;40;8;683.6;True;683.60;17.20;683.6;18.34;683.6;20.24;906.6;True;906.60;15.38;906.6;5.18;906.6;6.38;757.6;True;757.60;77.19;757.6;14.68;757.6;23.83;723.6;True;723.60;38.28;725.6;13.37;723.6;16.59;653.6;True;653.60;5.06;653.6;2.16;653.6;2.48;644.6;True;644.60;68.52;644.6;14.57;644.6;35.40
48;40;9;698.2;True;698.20;440.72;700.2;15.46;698.2;120.00;889.0;True;889.00;162.92;890.2;13.74;889.0;45.88;744.4;True;744.40;22.47;744.4;9.42;744.4;6.72;701.2;True;701.20;256.47;701.2;48.89;701.2;29.74;660.2;True;660.20;58.15;668.2;9.42;660.2;8.11;646.2;True;646.20;465.03;646.4;45.56;646.2;80.80
48;40;10;764.0;True;764.00;192.65;771.0;31.66;764.0;120.00;984.0;True;984.00;18.75;1004.8;17.00;984.0;14.98;853.8;True;853.80;29.35;865.8;8.12;853.8;23.16;811.0;True;811.00;22.23;822.2;8.17;811.0;17.53;734.0;True;734.00;9.30;741.0;4.58;734.0;3.37;725.0;True;725.00;20.87;733.0;12.18;725.0;26.56
48;50;1;954.0;True;953.66;TL;957.0;9.94;957.0;120.00;1253.6;True;1253.60;928.25;1258.8;23.04;1276.8;120.00;1020.6;True;1020.60;337.13;1029.8;74.05;1022.6;120.00;975.8;True;975.80;322.73;982.0;61.86;975.8;120.00;920.0;True;920.00;734.96;926.8;44.98;920.0;120.00;896.0;True;896.00;1329.03;899.0;28.00;903.8;120.00
48;50;2;806.0;True;806.00;2091.83;811.0;65.88;811.0;120.00;1068.4;True;1068.40;1030.45;1073.0;22.13;1068.4;120.00;913.0;True;913.00;137.95;913.0;22.14;913.0;29.62;856.0;True;856.00;403.71;856.0;20.98;857.0;120.00;783.0;True;782.62;TL;784.0;78.56;783.0;120.00;771.2;True;771.20;1230.98;773.0;44.40;773.0;120.00
48;50;3;897.6;True;897.60;1.82;897.6;1.80;897.6;1.78;1193.6;True;1193.60;159.92;1193.6;10.22;1205.6;120.00;1015.6;True;1015.60;47.68;1023.4;42.17;1015.6;40.08;958.6;True;958.60;94.59;966.6;24.30;958.6;120.00;885.6;True;885.60;547.25;898.4;86.40;887.6;120.00;864.4;True;864.40;157.91;868.4;100.09;865.4;120.00
48;50;4;921.2;True;921.20;1366.59;922.4;74.08;926.4;120.00;1204.4;True;1204.40;522.97;1209.4;28.16;1204.4;120.00;1035.4;True;1035.40;163.26;1039.2;16.73;1035.4;50.32;970.6;True;970.60;36.80;977.4;31.94;970.6;21.65;891.4;True;891.40;292.32;898.2;58.87;893.4;120.00;873.4;True;873.40;91.28;873.4;46.04;873.4;120.00
48;50;5;959.8;False;956.23;TL;959.8;20.58;959.8;120.00;1227.8;True;1227.80;2651.60;1230.8;31.28;1232.8;120.00;1078.0;True;1078.00;97.17;1084.0;19.30;1078.0;62.25;1024.8;True;1024.80;361.11;1030.0;41.00;1024.8;120.00;925.2;True;925.20;330.29;929.8;21.07;929.6;120.00;906.6;True;906.60;399.95;910.8;50.40;906.6;120.00
48;50;6;915.0;True;914.65;TL;921.8;120.00;915.0;120.00;1166.0;True;1166.00;93.65;1170.8;43.46;1166.0;96.42;1033.0;True;1033.00;202.94;1054.6;64.19;1033.0;120.00;974.0;True;974.00;235.34;977.0;20.15;976.2;120.00;895.8;True;895.80;673.01;903.0;54.08;900.0;120.00;880.4;True;880.40;732.88;889.0;63.81;889.0;120.00
48;50;7;799.8;False;794.87;TL;801.6;46.77;799.8;120.00;1029.6;True;1029.60;103.30;1030.8;16.95;1033.4;120.00;859.6;True;859.60;270.23;868.6;25.37;859.6;120.00;828.6;True;828.60;2319.57;831.6;96.47;834.6;120.00;766.6;True;766.60;2732.76;770.8;31.65;768.8;120.00;745.6;True;745.60;718.08;745.6;47.57;745.6;120.00
48;50;8;804.0;True;804.00;2473.44;809.4;25.00;804.0;120.00;1052.6;True;1052.60;139.22;1054.6;27.82;1052.6;35.37;876.8;True;876.80;131.13;891.6;94.15;876.8;48.36;832.8;True;832.80;64.22;841.6;45.29;832.8;110.81;778.0;True;778.00;1728.82;787.4;117.56;782.0;120.00;768.4;False;762.40;TL;770.4;120.00;842.8;120.00
48;50;9;801.8;True;801.80;889.83;803.8;82.88;801.8;120.00;1043.0;True;1043.00;210.51;1056.8;84.29;1043.0;86.85;889.8;True;889.80;189.01;890.8;16.31;889.8;54.66;841.8;True;841.80;123.81;843.8;26.16;841.8;120.00;771.8;True;771.80;1330.62;772.8;36.00;772.8;120.00;764.0;True;764.00;1907.00;770.8;112.83;765.0;120.00
48;50;10;918.8;True;918.80;1626.93;928.0;47.82;918.8;120.00;1207.0;True;1207.00;290.36;1209.0;31.54;1207.0;120.00;1027.0;True;1027.00;293.26;1044.8;120.00;1027.0;120.00;979.0;True;979.00;67.53;995.8;83.82;979.0;97.18;882.0;True;882.00;56.18;906.6;117.22;882.0;35.93;871.2;True;871.20;133.06;888.2;38.05;873.2;120.00
48;60;1;959.0;True;959.00;130.63;1064.2;117.28;961.2;120.00;1216.0;True;1216.00;201.81;1342.8;112.80;1216.0;120.00;1080.6;True;1080.60;129.97;1178.4;119.47;1081.2;120.00;1017.0;True;1017.00;224.71;1104.4;120.00;1017.0;120.00;926.0;True;926.00;30.10;1030.4;120.00;926.0;22.33;919.0;True;919.00;514.95;1020.4;120.00;923.0;120.00
48;60;2;931.2;False;923.76;TL;931.2;88.81;931.2;120.00;1221.2;True;1221.20;1662.01;1222.2;36.15;1223.2;120.00;1024.0;True;1024.00;154.91;1057.4;120.00;1024.0;120.00;978.4;True;978.40;1426.27;1071.6;120.00;978.4;120.00;884.4;True;884.40;685.88;888.4;95.81;884.4;120.00;873.2;True;873.20;898.93;874.2;37.22;874.2;120.00
48;60;3;1036.6;False;1034.09;TL;1041.6;117.04;1036.8;120.00;1355.6;True;1355.60;982.73;1361.6;113.80;1366.6;120.00;1179.8;True;1179.80;321.07;1180.8;41.99;1180.8;120.00;1110.4;True;1110.40;2195.80;1116.4;110.01;1110.8;120.00;1006.6;True;1006.60;553.23;1009.4;33.59;1006.6;120.00;989.2;True;989.20;1041.13;993.4;55.14;989.2;120.00
48;60;4;964.6;True;964.13;TL;964.6;9.38;964.6;120.00;1240.4;True;1240.40;29.30;1240.4;17.63;1240.4;12.64;1097.8;True;1097.80;58.20;1105.8;85.04;1099.8;120.00;1024.8;True;1024.80;46.91;1030.6;95.00;1024.8;120.00;933.4;True;933.40;67.63;933.4;8.84;933.4;82.50;913.4;True;913.40;16.36;913.4;14.29;913.4;15.11
48;60;5;1079.2;True;1079.20;241.05;1081.2;5.55;1079.2;120.00;1427.8;True;1427.80;18.15;1439.8;112.81;1427.8;6.40;1213.4;True;1213.40;66.15;1319.4;120.00;1215.6;120.00;1152.8;True;1152.80;51.22;1265.0;119.40;1152.8;104.79;1054.6;True;1054.60;546.02;1161.0;120.00;1057.4;120.00;1037.6;True;1037.60;117.23;1041.6;54.20;1037.6;120.00
48;60;6;1178.0;True;1178.00;1026.96;1178.0;11.08;1178.0;120.00;1514.2;True;1514.20;22.37;1525.2;93.32;1514.2;16.65;1346.8;True;1346.80;652.15;1370.4;106.32;1347.8;120.00;1269.0;True;1269.00;919.34;1307.6;119.45;1290.4;120.00;1149.8;True;1149.80;163.67;1154.8;25.88;1149.8;97.66;1137.8;True;1137.80;733.44;1151.6;120.00;1140.8;120.00
48;60;7;1149.8;True;1149.80;148.55;1155.0;54.71;1149.8;120.00;1468.6;True;1468.60;99.33;1483.6;45.32;1468.6;77.21;1208.0;True;1208.00;43.79;1214.2;12.31;1208.0;35.56;1182.0;True;1182.00;238.34;1201.0;119.39;1190.2;120.00;1091.2;True;1091.20;44.46;1109.2;88.97;1091.2;49.98;1079.8;True;1079.80;190.95;1127.2;120.00;1087.2;120.00
48;60;8;1075.6;True;1074.90;TL;1079.6;37.75;1075.6;120.00;1405.2;True;1405.20;182.92;1416.0;63.21;1405.2;120.00;1228.6;True;1228.60;616.15;1254.0;119.49;1231.8;120.00;1148.0;True;1148.00;435.81;1155.0;87.31;1149.0;120.00;1044.2;True;1044.20;2190.44;1051.2;120.00;1049.2;120.00;1029.8;True;1029.80;1553.99;1043.0;120.00;1030.0;120.00
48;60;9;893.4;True;893.40;662.98;903.4;39.26;893.4;120.00;1179.2;True;1179.20;366.87;1183.2;73.91;1180.2;120.00;1015.2;True;1015.20;567.19;1071.4;120.00;1015.2;120.00;953.2;True;953.20;233.45;960.2;96.36;953.2;120.00;869.2;True;869.20;1045.47;869.2;59.63;869.2;120.00;855.2;True;855.20;411.15;860.0;102.74;858.2;120.00
48;60;10;1071.4;True;1071.40;169.08;1078.4;113.63;1071.4;120.00;1394.4;True;1394.40;70.33;1440.0;113.12;1394.4;93.36;1205.4;True;1205.40;76.20;1208.4;51.31;1205.4;120.00;1132.6;True;1132.60;121.86;1144.2;63.55;1138.6;120.00;1033.6;True;1033.60;63.06;1116.0;120.00;1033.6;120.00;1019.6;True;1019.60;124.02;1020.4;24.52;1020.4;120.00
48;70;1;1193.8;False;1183.20;TL;1207.6;120.00;1193.8;120.00;1535.6;False;1529.56;TL;1550.4;117.52;1539.6;120.00;1327.6;False;1318.71;TL;1331.6;120.00;1331.6;120.00;1254.6;False;1244.17;TL;1272.6;120.00;1259.6;120.00;1158.2;False;1157.39;TL;1170.6;116.38;1168.6;120.00;1138.4;False;1133.26;TL;1140.6;120.00;1152.6;120.00
48;70;2;1276.8;False;1268.80;TL;1276.8;75.89;1276.8;120.00;1635.6;True;1635.60;6.68;1635.6;6.98;1635.6;7.42;1360.8;True;1360.80;305.36;1420.8;120.00;1366.8;120.00;1298.8;True;1298.80;161.78;1350.8;120.00;1298.8;120.00;1225.6;True;1225.60;864.49;1277.4;114.56;1233.6;120.00;1191.6;True;1191.60;236.01;1196.6;118.77;1195.4;120.00
48;70;3;1306.2;True;1306.20;733.96;1307.8;102.79;1320.0;120.00;1711.8;True;1711.80;2233.07;1712.6;43.16;1712.8;120.00;1456.8;False;1455.76;TL;1561.2;120.00;1459.0;120.00;1377.0;True;1377.00;604.32;1381.0;96.43;1380.8;120.00;1253.0;True;1253.00;233.51;1253.0;16.85;1253.0;84.17;1236.8;True;1236.80;1287.19;1249.8;120.00;1241.0;120.00
48;70;4;1176.0;True;1176.00;13.28;1183.8;38.71;1176.0;17.57;1539.8;True;1539.80;203.27;1664.2;117.20;1539.8;120.00;1345.8;True;1345.80;354.91;1454.4;120.00;1349.8;120.00;1258.2;False;1257.62;TL;1362.4;120.00;1271.6;120.00;1153.0;True;1153.00;297.86;1248.8;115.25;1154.0;120.00;1136.0;True;1136.00;718.18;1237.6;119.46;1138.2;120.00
48;70;5;1147.2;False;1141.62;TL;1147.4;120.00;1221.2;120.00;1488.8;True;1488.80;397.54;1532.8;118.02;1529.8;120.00;1262.6;True;1262.60;469.69;1298.8;120.00;1264.6;120.00;1203.6;False;1200.77;TL;1211.8;120.00;1203.6;120.00;1104.6;True;1104.60;248.49;1105.4;31.77;1116.2;120.00;1089.2;True;1089.20;1559.77;1110.8;120.00;1107.0;120.00
48;70;6;1199.4;False;1195.53;TL;1199.4;120.00;1206.2;120.00;1542.6;True;1542.29;TL;1628.4;118.51;1554.4;120.00;1316.4;True;1316.40;2558.23;1338.4;120.00;1327.4;120.00;1269.6;False;1259.88;TL;1278.4;120.00;1272.4;120.00;1174.4;False;1170.19;TL;1195.4;115.83;1182.4;120.00;1152.6;False;1143.68;TL;1287.2;120.00;1152.6;120.00
48;70;7;1157.8;True;1157.80;3568.15;1257.2;120.00;1158.8;120.00;1521.6;True;1521.60;1248.37;1532.6;117.70;1532.6;120.00;1310.8;True;1310.80;3592.38;1324.6;120.00;1314.8;120.00;1241.0;True;1241.00;382.39;1318.4;120.00;1241.0;120.00;1130.8;True;1130.80;1630.96;1232.8;116.01;1134.8;120.00;1109.0;True;1109.00;782.00;1162.8;120.00;1117.0;120.00
48;70;8;1188.2;False;1177.79;TL;1190.4;120.00;1204.2;120.00;1545.2;False;1540.61;TL;1549.8;117.85;1554.8;120.00;1299.6;False;1294.81;TL;1331.0;120.00;1325.0;120.00;1228.6;True;1228.60;351.31;1267.2;120.00;1234.6;120.00;1137.4;True;1137.40;2510.57;1163.4;115.31;1147.8;120.00;1114.6;True;1114.60;1495.29;1122.6;120.00;1120.4;120.00
48;70;9;1316.4;False;1314.05;TL;1316.4;120.00;1320.2;120.00;1735.6;False;1723.19;TL;1752.6;117.64;1747.6;120.00;1451.8;False;1446.76;TL;1467.8;120.00;1459.8;120.00;1375.8;True;1375.80;3049.32;1395.8;120.00;1388.8;120.00;1264.0;True;1264.00;878.12;1291.4;115.54;1317.2;120.00;1243.4;True;1243.40;1992.93;1258.8;120.00;1248.2;120.00
48;70;10;1173.2;False;1170.18;TL;1195.0;120.00;1183.0;120.00;1523.0;False;1516.68;TL;1544.8;118.95;1552.0;120.00;1303.0;True;1303.00;1186.66;1331.0;120.00;1319.0;120.00;1232.8;False;1232.14;TL;1244.2;120.00;1245.2;120.00;1133.0;False;1127.57;TL;1142.8;117.12;1138.0;120.00;1118.2;False;1107.08;TL;1162.4;120.00;1176.0;120.00
48;80;1;1292.6;False;1283.82;TL;1385.0;119.41;1297.4;120.00;1653.6;True;1653.60;1429.45;1697.2;120.00;1704.2;120.00;1393.8;True;1393.80;1229.55;1417.4;120.00;1412.6;120.00;1333.6;True;1333.60;3415.42;1355.0;120.00;1345.8;120.00;1230.8;True;1230.80;684.57;1267.2;120.00;1233.4;120.00;1196.0;True;1196.00;275.81;1230.6;120.00;1200.8;120.00
48;80;2;1394.6;False;1388.05;TL;1450.0;120.00;1437.8;120.00;1854.4;False;1851.93;TL;1927.8;119.45;1858.4;120.00;1519.4;False;1518.06;TL;1558.0;120.00;1523.4;120.00;1438.0;True;1438.00;739.67;1474.6;120.00;1466.8;120.00;1336.0;True;1336.00;1452.08;1400.2;120.00;1370.0;120.00;1310.8;True;1310.80;2495.52;1351.4;120.00;1427.2;120.00
48;80;3;1332.8;False;1325.37;TL;1406.4;120.00;1333.6;120.00;1720.4;True;1720.40;483.47;1830.0;120.00;1722.6;120.00;1491.0;True;1491.00;1878.19;1568.4;120.00;1546.0;120.00;1412.0;False;1410.54;TL;1518.4;120.00;1431.6;120.00;1288.8;True;1288.80;2669.76;1378.0;120.00;1301.6;120.00;1271.8;False;1271.25;TL;1358.4;120.00;1283.0;120.00
48;80;4;1287.8;True;1287.80;765.41;1287.8;21.70;1287.8;120.00;1679.4;True;1678.98;TL;1762.2;120.00;1685.6;120.00;1429.8;True;1429.80;510.48;1489.6;120.00;1430.8;120.00;1372.0;True;1371.74;TL;1470.2;120.00;1375.0;120.00;1253.2;True;1253.20;946.73;1354.4;120.00;1255.2;120.00;1232.0;True;1232.00;670.28;1338.6;120.00;1236.0;120.00
48;80;5;1464.2;True;1463.97;TL;1579.4;120.00;1490.0;120.00;1896.8;True;1896.80;1198.78;2037.2;120.00;1902.8;120.00;1629.8;True;1629.80;362.95;1738.0;120.00;1637.8;120.00;1555.8;True;1555.80;3400.27;1666.4;120.00;1581.6;120.00;1426.8;True;1426.80;3128.08;1543.6;120.00;1436.4;120.00;1403.8;False;1400.17;TL;1496.6;120.00;1427.2;120.00
48;80;6;1315.2;False;1307.90;TL;1320.2;120.00;1315.2;120.00;1720.4;False;1715.25;TL;1764.2;120.00;1722.4;120.00;1493.4;False;1484.95;TL;1607.0;120.00;1505.2;120.00;1395.4;False;1389.07;TL;1475.4;120.00;1400.6;120.00;1274.4;False;1271.84;TL;1383.8;120.00;1274.6;120.00;1252.2;True;1252.20;2867.02;1307.2;120.00;1254.2;120.00
48;80;7;1301.4;False;1292.35;TL;1311.8;120.00;1316.4;120.00;1671.2;True;1671.20;2327.17;1740.6;120.00;1690.2;120.00;1418.2;True;1418.20;3055.85;1513.4;120.00;1446.8;120.00;1359.4;False;1352.39;TL;1477.6;120.00;1366.2;120.00;1260.2;False;1255.80;TL;1276.0;120.00;1270.8;120.00;1225.4;True;1225.40;1792.84;1245.4;119.37;1231.2;120.00
48;80;8;1427.4;False;1426.87;TL;1427.4;92.29;1427.4;120.00;1871.6;False;1864.52;TL;1889.8;120.00;1923.0;120.00;1580.6;True;1580.60;2137.38;1613.4;120.00;1580.6;120.00;1506.6;True;1506.60;1721.61;1575.0;120.00;1519.2;120.00;1389.2;True;1389.20;531.17;1457.6;120.00;1395.2;120.00;1365.2;True;1365.20;3080.46;1384.4;120.00;1370.4;120.00
48;80;9;1249.4;False;1244.58;TL;1262.8;120.00;1254.6;120.00;1660.2;False;1624.99;TL;1684.6;120.00;1725.6;120.00;1408.6;False;1404.74;TL;1440.0;120.00;1431.2;120.00;1317.6;False;1316.55;TL;1375.0;120.00;1357.4;120.00;1203.4;True;1203.40;3245.65;1227.6;120.00;1208.4;120.00;1188.4;True;1188.40;2735.55;1252.8;120.00;1318.0;120.00
48;80;10;1335.6;False;1334.99;TL;1442.8;120.00;1338.6;120.00;1728.4;True;1728.40;376.79;1868.6;120.00;1741.2;120.00;1489.4;True;1489.40;1997.69;1587.0;120.00;1498.4;120.00;1409.4;True;1409.40;3040.12;1507.6;120.00;1445.4;120.00;1306.6;False;1305.20;TL;1411.0;120.00;1312.8;120.00;1276.4;False;1275.94;TL;1377.0;120.00;1285.4;120.00
48;90;1;1534.0;False;1533.04;TL;1566.2;120.00;1556.0;120.00;2013.2;False;2012.97;TL;2071.8;120.00;2119.6;120.00;1723.2;False;1705.03;TL;1778.6;120.00;1723.2;120.00;1651.6;False;1626.49;TL;1716.8;120.00;1739.0;120.00;1509.2;False;1495.50;TL;1529.8;120.00;1509.2;120.00;1478.2;False;1469.78;TL;1586.6;120.00;1657.6;120.00
48;90;2;1491.2;False;1486.55;TL;1549.0;120.00;1521.0;120.00;1918.2;False;1914.37;TL;1996.0;120.00;1918.2;120.00;1625.4;False;1612.39;TL;1664.4;120.00;1764.4;120.00;1533.6;True;1533.60;108.31;1600.6;120.00;1533.6;120.00;1426.6;False;1425.91;TL;1508.4;119.36;1432.6;120.00;1412.6;False;1396.84;TL;1479.4;120.00;1417.6;120.00
48;90;3;1565.4;False;1549.55;TL;1568.6;120.00;1569.4;120.00;2054.6;False;2036.67;TL;2069.4;120.00;2114.8;120.00;1706.6;False;1698.82;TL;1715.6;120.00;1784.8;120.00;1639.8;False;1631.75;TL;1670.4;120.00;1780.0;120.00;1501.8;False;1500.93;TL;1523.8;120.00;1530.8;120.00;1480.8;False;1471.78;TL;1499.6;120.00;1529.8;120.00
48;90;4;1564.8;False;1553.96;TL;1567.6;120.00;1571.8;120.00;2069.2;False;2050.91;TL;2095.2;120.00;2276.2;120.00;1725.4;False;1719.57;TL;1743.4;120.00;1728.6;120.00;1643.6;False;1628.17;TL;1668.6;120.00;1644.6;120.00;1519.6;False;1508.01;TL;1519.6;120.00;1528.6;120.00;1490.4;False;1479.85;TL;1528.6;120.00;1498.6;120.00
48;90;5;1425.6;False;1422.29;TL;1558.2;120.00;1445.8;120.00;1890.2;False;1872.08;TL;2205.0;120.00;1945.4;120.00;1582.2;True;1582.20;1904.02;1663.2;120.00;1589.2;120.00;1502.2;False;1501.79;TL;1593.0;120.00;1568.2;120.00;1380.4;False;1373.40;TL;1468.2;120.00;1396.2;120.00;1365.4;False;1355.13;TL;1445.0;120.00;1376.6;120.00
48;90;6;1494.4;False;1489.29;TL;1534.8;120.00;1576.6;120.00;1963.4;False;1948.14;TL;1989.2;120.00;2019.2;120.00;1681.2;False;1671.76;TL;1700.4;120.00;1720.4;120.00;1610.8;False;1590.43;TL;1685.2;120.00;1676.8;120.00;1463.0;False;1459.28;TL;1495.2;119.49;1463.0;120.00;1444.8;False;1437.77;TL;1469.0;120.00;1466.8;120.00
48;90;7;1563.6;False;1561.67;TL;1587.2;120.00;1576.6;120.00;2041.6;False;2024.27;TL;2072.2;120.00;2150.2;120.00;1770.8;False;1760.25;TL;1789.2;120.00;1805.4;120.00;1658.0;True;1658.00;2639.88;1711.2;120.00;1665.0;120.00;1526.8;False;1513.45;TL;1545.4;119.44;1528.0;120.00;1516.0;False;1493.08;TL;1527.2;120.00;1581.4;120.00
48;90;8;1481.4;True;1481.40;368.02;1559.4;120.00;1481.4;120.00;1908.4;True;1908.40;1473.18;1986.0;120.00;1908.4;120.00;1655.8;True;1655.80;1962.57;1725.0;120.00;1786.6;120.00;1614.6;False;1570.53;TL;1650.6;120.00;1747.0;120.00;1454.6;False;1444.37;TL;1527.6;119.43;1487.4;120.00;1425.8;True;1425.80;3345.10;1487.4;120.00;1438.6;120.00
48;90;9;1564.6;False;1548.78;TL;1578.0;120.00;1567.8;120.00;2011.2;False;2010.88;TL;2017.2;120.00;2044.2;120.00;1695.6;False;1695.02;TL;1771.0;120.00;1718.6;120.00;1636.6;False;1621.99;TL;1691.4;120.00;1643.6;120.00;1510.6;False;1499.82;TL;1566.0;120.00;1511.6;120.00;1485.6;False;1472.26;TL;1495.6;120.00;1539.4;120.00
48;90;10;1538.4;False;1536.10;TL;1553.8;120.00;1538.4;120.00;1972.8;False;1962.75;TL;2016.6;120.00;2051.8;120.00;1724.0;True;1724.00;2533.37;1762.0;120.00;1746.8;120.00;1619.0;True;1619.00;333.47;1648.0;120.00;1649.6;120.00;1517.8;False;1489.99;TL;1526.8;119.42;1524.0;120.00;1476.8;False;1469.95;TL;1505.0;120.00;1564.6;120.00
48;100;1;1818.2;False;1814.07;TL;1834.4;120.00;1858.2;120.00;2368.6;False;2350.92;TL;2373.0;120.00;2379.0;120.00;2057.2;False;2026.59;TL;2128.8;120.00;2057.2;120.00;1939.2;False;1924.20;TL;1974.2;120.00;1997.4;120.00;1769.2;False;1754.38;TL;1827.4;120.00;1779.2;120.00;1751.4;False;1731.08;TL;1761.2;120.00;1804.4;120.00
48;100;2;1714.0;False;1697.22;TL;1823.2;120.00;1723.8;120.00;2262.8;False;2242.16;TL;2389.0;120.00;2268.6;120.00;1885.8;False;1880.93;TL;2004.0;120.00;1904.8;120.00;1795.8;False;1788.48;TL;1900.0;120.00;1795.8;120.00;1654.8;False;1653.84;TL;1775.4;120.00;1687.0;120.00;1637.8;False;1624.84;TL;1732.6;120.00;1684.0;120.00
48;100;3;1660.8;True;1660.80;169.51;1783.0;118.69;1660.8;120.00;2203.4;False;2192.87;TL;2353.6;120.00;2211.4;120.00;1882.8;False;1868.02;TL;1988.0;120.00;1893.6;120.00;1768.8;False;1761.27;TL;1849.2;120.00;1816.8;120.00;1645.6;False;1625.41;TL;1706.4;120.00;1657.6;120.00;1604.4;False;1590.65;TL;1719.8;120.00;1632.2;120.00
48;100;4;1654.6;False;1643.83;TL;1689.6;120.00;1692.6;120.00;2184.4;False;2165.62;TL;2188.4;120.00;2393.6;120.00;1856.8;False;1833.79;TL;1925.2;120.00;1899.2;120.00;1749.8;False;1732.38;TL;1768.8;120.00;1797.0;120.00;1626.2;False;1605.58;TL;1689.8;120.00;1693.2;120.00;1617.4;False;1577.60;TL;1617.4;120.00;1761.4;120.00
48;100;5;1696.8;False;1694.51;TL;1749.6;120.00;1744.2;120.00;2210.4;True;2210.40;1736.65;2321.4;120.00;2237.2;120.00;1904.0;False;1899.76;TL;1973.0;120.00;1904.0;120.00;1792.8;True;1792.80;845.11;1868.8;120.00;1806.2;120.00;1651.8;False;1646.65;TL;1715.0;120.00;1660.6;120.00;1639.8;False;1620.36;TL;1679.0;120.00;1653.8;120.00
48;100;6;1618.0;False;1615.56;TL;1679.2;120.00;1628.8;120.00;2081.2;False;2076.58;TL;2151.8;120.00;2120.6;120.00;1795.0;False;1773.23;TL;1845.0;120.00;2088.6;120.00;1742.0;False;1684.66;TL;1749.0;120.00;1791.0;120.00;1581.0;False;1557.50;TL;1608.8;120.00;1659.8;120.00;1543.2;False;1527.47;TL;1580.0;120.00;1794.8;120.00
48;100;7;1624.2;False;1622.85;TL;1627.4;120.00;1645.2;120.00;2128.0;False;2113.99;TL;2244.0;120.00;2159.6;120.00;1844.8;False;1827.93;TL;1934.8;120.00;1853.2;120.00;1744.4;True;1743.93;TL;1856.0;120.00;1813.8;120.00;1601.6;False;1589.15;TL;1694.0;120.00;1615.8;120.00;1569.6;False;1565.78;TL;1671.2;120.00;1591.6;120.00
48;100;8;1616.6;True;1616.60;1428.88;1668.8;118.38;1626.8;120.00;2056.6;True;2056.60;1546.47;2114.6;120.00;2376.0;120.00;1812.8;False;1790.34;TL;1852.6;120.00;1936.4;120.00;1691.4;True;1691.40;3210.94;1760.2;120.00;1952.4;120.00;1568.6;False;1564.93;TL;1628.4;120.00;1592.2;120.00;1528.0;True;1528.00;651.74;1573.6;120.00;1767.8;120.00
48;100;9;1664.0;False;1651.81;TL;1776.2;120.00;1670.4;120.00;2202.8;True;2202.80;2916.48;2337.2;120.00;2205.8;120.00;1842.4;True;1842.40;1477.75;1952.4;120.00;1854.4;120.00;1752.2;True;1752.20;784.19;1813.2;120.00;1754.2;120.00;1614.4;False;1613.28;TL;1685.4;120.00;1627.4;120.00;1593.8;False;1584.39;TL;1700.2;120.00;1594.8;120.00
48;100;10;1670.4;False;1658.45;TL;1679.4;120.00;1694.4;120.00;2218.4;False;2204.19;TL;2319.4;120.00;2238.8;120.00;1870.8;False;1829.14;TL;1894.2;120.00;1879.8;120.00;1766.2;False;1733.04;TL;1848.2;120.00;1766.2;120.00;1612.6;False;1598.92;TL;1715.8;120.00;1630.2;120.00;1588.4;False;1573.25;TL;1671.0;120.00;1602.4;120.00
