InstanceId,Replication,NbPickers,NbAisles,StorageLocati,BatchCapacity,Due time,NbOrders,UpperBoundI,Cpu(s),NbBatchesInS,OptimalValue,LowerBoundRootAfterCuts,RootGap(%),NbColumns,NbIterLP(rou,LowerBoundBeforeCuts,NbMTcuts,NbFSLcuts,NbR1cuts,NbSCcuts,TimePdyn(s),TimeMaster(s),TimeInitTours,TimeMIP(s),TimeCuts(s)
1.0,1.0,2.0,12.0,1.0,4.0,1.0,18.0,106614.0,1.43,8.0,105690.0,105690.0,0.0,649.0,3.0,105413.0,0.0,0.0,40.0,10.0,0.66,0.0,0.67,0.06,0.65
2.0,1.0,2.0,12.0,1.0,4.0,2.0,18.0,113430.0,0.29,9.0,113430.0,113430.0,0.0,294.0,1.0,113430.0,0.0,0.0,0.0,0.0,0.2,0.0,0.2,0.01,0.07
3.0,1.0,2.0,12.0,1.0,4.0,3.0,18.0,95244.0,0.82,8.0,95244.0,95244.0,0.0,1214.0,2.0,95100.75,0.0,0.0,20.0,0.0,0.65,0.0,0.65,0.07,0.08
4.0,1.0,2.0,12.0,1.0,4.0,1.0,12.0,80076.0,0.06,6.0,80076.0,80076.0,0.0,85.0,1.0,80076.0,0.0,0.0,0.0,0.0,0.04,0.0,0.04,0.0,0.01
5.0,1.0,2.0,12.0,1.0,4.0,2.0,12.0,94170.0,0.07,7.0,94170.0,94170.0,0.0,73.0,2.0,93894.0,0.0,0.0,20.0,3.0,0.03,0.0,0.03,0.0,0.03
6.0,1.0,2.0,12.0,1.0,4.0,3.0,12.0,76848.0,0.13,6.0,76650.0,76650.0,0.0,118.0,3.0,75608.0,0.0,0.0,33.0,2.0,0.07,0.0,0.07,0.0,0.05
7.0,1.0,2.0,12.0,1.0,4.0,1.0,6.0,78480.0,0.01,6.0,78480.0,78480.0,0.0,6.0,1.0,78480.0,0.0,0.0,0.0,0.0,0.0,0.0,0.0,0.0,0.0
8.0,1.0,2.0,12.0,1.0,4.0,2.0,6.0,39690.0,0.01,3.0,39690.0,39690.0,0.0,17.0,1.0,39690.0,0.0,0.0,0.0,0.0,0.0,0.0,0.0,0.0,0.0
9.0,1.0,2.0,12.0,1.0,4.0,3.0,6.0,66096.0,0.01,5.0,66096.0,66096.0,0.0,7.0,1.0,66096.0,0.0,0.0,0.0,0.0,0.0,0.0,0.0,0.0,0.0
10.0,1.0,2.0,12.0,1.0,8.0,1.0,18.0,44046.0,32.69,3.0,44046.0,44046.0,0.0,34385.0,1.0,44046.0,0.0,0.0,0.0,0.0,27.99,0.11,29.49,1.45,0.03
11.0,1.0,2.0,12.0,1.0,8.0,2.0,18.0,54888.0,18.74,4.0,54888.0,54888.0,0.0,19150.0,1.0,54888.0,0.0,0.0,0.0,0.0,17.02,0.05,17.47,0.66,0.03
12.0,1.0,2.0,12.0,1.0,8.0,3.0,18.0,60600.0,9.71,4.0,60600.0,60600.0,0.0,10521.0,2.0,60582.0,0.0,0.0,20.0,0.0,8.66,0.04,8.81,0.59,0.07
13.0,1.0,2.0,12.0,1.0,8.0,1.0,12.0,78630.0,0.26,5.0,78630.0,78630.0,0.0,314.0,1.0,78630.0,0.0,0.0,0.0,0.0,0.24,0.0,0.24,0.01,0.01
14.0,1.0,2.0,12.0,1.0,8.0,2.0,12.0,53382.0,0.6,4.0,53382.0,53382.0,0.0,710.0,2.0,53310.0,0.0,0.0,20.0,0.0,0.54,0.0,0.54,0.02,0.02
15.0,1.0,2.0,12.0,1.0,8.0,3.0,12.0,62520.0,0.39,4.0,62322.0,62322.0,0.0,423.0,2.0,62034.0,0.0,0.0,20.0,20.0,0.32,0.0,0.32,0.03,0.03
16.0,1.0,2.0,12.0,1.0,8.0,1.0,6.0,51024.0,0.02,3.0,51024.0,51024.0,0.0,20.0,1.0,51024.0,0.0,0.0,0.0,0.0,0.01,0.0,0.01,0.0,0.0
17.0,1.0,2.0,12.0,1.0,8.0,2.0,6.0,43452.0,0.02,3.0,43452.0,43452.0,0.0,31.0,1.0,43452.0,0.0,0.0,0.0,0.0,0.01,0.0,0.01,0.0,0.0
18.0,1.0,2.0,12.0,1.0,8.0,3.0,6.0,75606.0,0.01,5.0,75606.0,75606.0,0.0,9.0,1.0,75606.0,0.0,0.0,0.0,0.0,0.0,0.0,0.0,0.0,0.0
19.0,1.0,2.0,12.0,1.0,12.0,1.0,18.0,48936.0,114.41,3.0,48936.0,48936.0,0.0,62014.0,2.0,48697.5,0.0,0.0,20.0,268.0,59.11,0.34,64.39,32.69,11.72
20.0,1.0,2.0,12.0,1.0,12.0,2.0,18.0,66972.0,28.19,4.0,66972.0,66972.0,0.0,21985.0,2.0,66242.4,0.0,0.0,20.0,40.0,22.54,0.07,23.19,3.88,0.33
21.0,1.0,2.0,12.0,1.0,12.0,3.0,18.0,45282.0,119.35,3.0,45282.0,45282.0,0.0,88739.0,2.0,44550.0,0.0,0.0,20.0,20.0,86.58,0.28,99.67,7.24,0.83
22.0,1.0,2.0,12.0,1.0,12.0,1.0,12.0,71790.0,0.61,4.0,71790.0,71790.0,0.0,555.0,2.0,71107.85,0.0,0.0,20.0,32.0,0.52,0.0,0.52,0.05,0.02
23.0,1.0,2.0,12.0,1.0,12.0,2.0,12.0,44502.0,1.69,3.0,44502.0,44502.0,0.0,1703.0,2.0,43210.0,0.0,0.0,20.0,4.0,1.59,0.0,1.59,0.05,0.02
24.0,1.0,2.0,12.0,1.0,12.0,3.0,12.0,41118.0,2.03,3.0,41118.0,41118.0,0.0,2047.0,1.0,41118.0,0.0,0.0,0.0,0.0,1.95,0.0,1.95,0.05,0.0
25.0,1.0,2.0,12.0,1.0,12.0,1.0,6.0,53832.0,0.02,3.0,53832.0,53832.0,0.0,23.0,1.0,53832.0,0.0,0.0,0.0,0.0,0.02,0.0,0.02,0.0,0.0
26.0,1.0,2.0,12.0,1.0,12.0,2.0,6.0,77142.0,0.01,4.0,77142.0,77142.0,0.0,11.0,1.0,77142.0,0.0,0.0,0.0,0.0,0.01,0.0,0.01,0.0,0.0
27.0,1.0,2.0,12.0,1.0,12.0,3.0,6.0,36444.0,0.03,2.0,36444.0,36444.0,0.0,34.0,1.0,36444.0,0.0,0.0,0.0,0.0,0.02,0.0,0.02,0.0,0.0
28.0,1.0,2.0,12.0,2.0,4.0,1.0,18.0,108276.0,0.49,9.0,108174.0,108174.0,0.0,508.0,3.0,107558.0,0.0,0.0,40.0,2.0,0.19,0.0,0.19,0.02,0.27
29.0,1.0,2.0,12.0,2.0,4.0,2.0,18.0,94728.0,0.21,8.0,94662.0,94662.0,0.0,639.0,1.0,94662.0,0.0,0.0,0.0,0.0,0.12,0.0,0.12,0.01,0.05
30.0,1.0,2.0,12.0,2.0,4.0,3.0,18.0,118860.0,0.24,10.0,118860.0,118860.0,0.0,306.0,2.0,118782.0,0.0,0.0,20.0,0.0,0.07,0.0,0.07,0.01,0.16
31.0,1.0,2.0,12.0,2.0,4.0,1.0,12.0,108090.0,0.02,9.0,108090.0,108090.0,0.0,35.0,1.0,108090.0,0.0,0.0,0.0,0.0,0.0,0.0,0.0,0.0,0.01
32.0,1.0,2.0,12.0,2.0,4.0,2.0,12.0,99732.0,0.02,8.0,99732.0,99732.0,0.0,40.0,1.0,99732.0,0.0,0.0,0.0,0.0,0.01,0.0,0.01,0.0,0.01
33.0,1.0,2.0,12.0,2.0,4.0,3.0,12.0,86088.0,0.08,7.0,86088.0,86088.0,0.0,89.0,3.0,85737.0,0.0,0.0,40.0,6.0,0.01,0.0,0.01,0.0,0.05
34.0,1.0,2.0,12.0,2.0,4.0,1.0,6.0,51588.0,0.0,4.0,51588.0,51588.0,0.0,10.0,1.0,51588.0,0.0,0.0,0.0,0.0,0.0,0.0,0.0,0.0,0.0
35.0,1.0,2.0,12.0,2.0,4.0,2.0,6.0,72084.0,0.0,6.0,72084.0,72084.0,0.0,6.0,1.0,72084.0,0.0,0.0,0.0,0.0,0.0,0.0,0.0,0.0,0.0
36.0,1.0,2.0,12.0,2.0,4.0,3.0,6.0,59592.0,0.0,5.0,59592.0,59592.0,0.0,8.0,1.0,59592.0,0.0,0.0,0.0,0.0,0.0,0.0,0.0,0.0,0.0
37.0,1.0,2.0,12.0,2.0,8.0,1.0,18.0,51732.0,16.23,4.0,51732.0,51732.0,0.0,23277.0,3.0,51333.43,0.0,0.0,40.0,1.0,13.35,0.09,13.99,1.15,0.19
38.0,1.0,2.0,12.0,2.0,8.0,2.0,18.0,52890.0,16.62,4.0,52608.0,52608.0,0.0,17520.0,13.0,52123.8,0.0,0.0,240.0,32.0,9.15,0.28,9.55,2.97,2.71
39.0,1.0,2.0,12.0,2.0,8.0,3.0,18.0,81552.0,1.53,6.0,81288.0,81288.0,0.0,2350.0,3.0,80140.29,0.0,0.0,40.0,5.0,1.16,0.01,1.17,0.16,0.17
40.0,1.0,2.0,12.0,2.0,8.0,1.0,12.0,44466.0,0.55,3.0,44466.0,44466.0,0.0,777.0,2.0,44466.0,0.0,0.0,20.0,0.0,0.5,0.0,0.51,0.02,0.01
41.0,1.0,2.0,12.0,2.0,8.0,2.0,12.0,58092.0,0.41,4.0,58092.0,58092.0,0.0,504.0,2.0,57908.0,0.0,0.0,20.0,16.0,0.35,0.0,0.35,0.02,0.02
42.0,1.0,2.0,12.0,2.0,8.0,3.0,12.0,36144.0,0.72,3.0,36144.0,36144.0,0.0,1779.0,1.0,36144.0,0.0,0.0,0.0,0.0,0.65,0.0,0.65,0.04,0.0
43.0,1.0,2.0,12.0,2.0,8.0,1.0,6.0,47556.0,0.01,3.0,47556.0,47556.0,0.0,18.0,1.0,47556.0,0.0,0.0,0.0,0.0,0.0,0.0,0.0,0.0,0.0
44.0,1.0,2.0,12.0,2.0,8.0,2.0,6.0,57258.0,0.01,4.0,57258.0,57258.0,0.0,14.0,1.0,57258.0,0.0,0.0,0.0,0.0,0.0,0.0,0.0,0.0,0.0
45.0,1.0,2.0,12.0,2.0,8.0,3.0,6.0,40086.0,0.01,3.0,40086.0,40086.0,0.0,28.0,1.0,40086.0,0.0,0.0,0.0,0.0,0.01,0.0,0.01,0.0,0.0
46.0,1.0,2.0,12.0,2.0,12.0,1.0,18.0,49062.0,42.5,3.0,49062.0,49062.0,0.0,43449.0,1.0,49062.0,0.0,0.0,0.0,0.0,35.56,0.12,37.98,1.83,0.03
47.0,1.0,2.0,12.0,2.0,12.0,2.0,18.0,40968.0,122.26,3.0,40968.0,40968.0,0.0,103771.0,2.0,40678.15,0.0,0.0,20.0,11.0,74.0,0.53,95.25,7.07,0.73
48.0,1.0,2.0,12.0,2.0,12.0,3.0,18.0,61278.0,29.0,4.0,61278.0,61278.0,0.0,22443.0,14.0,60458.1,0.0,0.0,260.0,45.0,19.43,0.56,20.06,3.67,3.02
49.0,1.0,2.0,12.0,2.0,12.0,1.0,12.0,49020.0,0.67,3.0,49020.0,49020.0,0.0,854.0,2.0,48976.36,0.0,0.0,20.0,70.0,0.51,0.0,0.51,0.11,0.03
50.0,1.0,2.0,12.0,2.0,12.0,2.0,12.0,43938.0,0.87,3.0,43938.0,43938.0,0.0,1440.0,4.0,43250.67,0.0,0.0,60.0,16.0,0.68,0.0,0.68,0.11,0.05
51.0,1.0,2.0,12.0,2.0,12.0,3.0,12.0,33924.0,1.74,2.0,33924.0,33924.0,0.0,2217.0,1.0,33924.0,0.0,0.0,0.0,0.0,1.64,0.0,1.65,0.06,0.0
52.0,1.0,2.0,12.0,2.0,12.0,1.0,6.0,32868.0,0.03,2.0,32868.0,32868.0,0.0,34.0,1.0,32868.0,0.0,0.0,0.0,0.0,0.02,0.0,0.02,0.0,0.0
53.0,1.0,2.0,12.0,2.0,12.0,2.0,6.0,44136.0,0.02,3.0,44136.0,44136.0,0.0,29.0,2.0,43876.0,0.0,0.0,20.0,1.0,0.01,0.0,0.01,0.0,0.0
54.0,1.0,2.0,12.0,2.0,12.0,3.0,6.0,63198.0,0.01,4.0,63198.0,63198.0,0.0,11.0,1.0,63198.0,0.0,0.0,0.0,0.0,0.0,0.0,0.0,0.0,0.0
55.0,1.0,2.0,12.0,3.0,4.0,1.0,18.0,121572.0,0.29,10.0,121572.0,121572.0,0.0,273.0,2.0,121380.0,0.0,0.0,20.0,5.0,0.09,0.0,0.09,0.01,0.18
56.0,1.0,2.0,12.0,3.0,4.0,2.0,18.0,94914.0,0.99,8.0,94914.0,94580.0,0.35,609.0,6.0,94200.0,0.0,0.0,88.0,2.0,0.33,0.0,0.33,0.04,0.61
57.0,1.0,2.0,12.0,3.0,4.0,3.0,18.0,91428.0,0.45,8.0,91164.0,91164.0,0.0,576.0,2.0,90738.0,0.0,0.0,20.0,1.0,0.27,0.0,0.27,0.02,0.14
58.0,1.0,2.0,12.0,3.0,4.0,1.0,12.0,59700.0,0.15,5.0,59700.0,59700.0,0.0,312.0,2.0,59652.0,0.0,0.0,20.0,1.0,0.12,0.0,0.12,0.01,0.02
59.0,1.0,2.0,12.0,3.0,4.0,2.0,12.0,99432.0,0.06,8.0,99432.0,99432.0,0.0,56.0,2.0,99354.0,0.0,0.0,20.0,0.0,0.02,0.0,0.02,0.0,0.03
60.0,1.0,2.0,12.0,3.0,4.0,3.0,12.0,84444.0,0.07,7.0,84444.0,84444.0,0.0,90.0,2.0,84328.0,0.0,0.0,20.0,1.0,0.04,0.0,0.04,0.0,0.03
61.0,1.0,2.0,12.0,3.0,4.0,1.0,6.0,59892.0,0.01,5.0,59892.0,59892.0,0.0,8.0,1.0,59892.0,0.0,0.0,0.0,0.0,0.0,0.0,0.0,0.0,0.0
62.0,1.0,2.0,12.0,3.0,4.0,2.0,6.0,57342.0,0.0,5.0,57342.0,57342.0,0.0,9.0,1.0,57342.0,0.0,0.0,0.0,0.0,0.0,0.0,0.0,0.0,0.0
63.0,1.0,2.0,12.0,3.0,4.0,3.0,6.0,48618.0,0.0,4.0,48618.0,48618.0,0.0,12.0,1.0,48618.0,0.0,0.0,0.0,0.0,0.0,0.0,0.0,0.0,0.0
64.0,1.0,2.0,12.0,3.0,8.0,1.0,18.0,54918.0,14.08,4.0,54918.0,54918.0,0.0,16684.0,3.0,54775.33,0.0,0.0,40.0,1.0,11.93,0.06,12.25,1.16,0.16
65.0,1.0,2.0,12.0,3.0,8.0,2.0,18.0,70374.0,8.16,5.0,70374.0,70374.0,0.0,9585.0,3.0,69783.43,0.0,0.0,40.0,64.0,5.61,0.03,5.73,1.89,0.3
66.0,1.0,2.0,12.0,3.0,8.0,3.0,18.0,70914.0,4.05,5.0,70914.0,70914.0,0.0,4823.0,1.0,70914.0,0.0,0.0,0.0,0.0,3.73,0.01,3.76,0.19,0.04
67.0,1.0,2.0,12.0,3.0,8.0,1.0,12.0,79290.0,0.34,5.0,79290.0,79290.0,0.0,367.0,2.0,79132.8,0.0,0.0,20.0,26.0,0.28,0.0,0.28,0.03,0.02
68.0,1.0,2.0,12.0,3.0,8.0,2.0,12.0,51726.0,0.61,4.0,51726.0,51726.0,0.0,846.0,3.0,51653.14,0.0,0.0,40.0,0.0,0.53,0.0,0.53,0.02,0.04
69.0,1.0,2.0,12.0,3.0,8.0,3.0,12.0,73824.0,0.18,5.0,73824.0,73824.0,0.0,241.0,1.0,73824.0,0.0,0.0,0.0,0.0,0.17,0.0,0.17,0.0,0.01
70.0,1.0,2.0,12.0,3.0,8.0,1.0,6.0,29148.0,0.02,2.0,29148.0,29148.0,0.0,32.0,1.0,29148.0,0.0,0.0,0.0,0.0,0.01,0.0,0.01,0.0,0.0
71.0,1.0,2.0,12.0,3.0,8.0,2.0,6.0,44796.0,0.03,3.0,44796.0,44796.0,0.0,25.0,2.0,43995.0,0.0,0.0,17.0,1.0,0.01,0.0,0.01,0.0,0.0
72.0,1.0,2.0,12.0,3.0,8.0,3.0,6.0,46278.0,0.02,3.0,46278.0,46278.0,0.0,21.0,1.0,46278.0,0.0,0.0,0.0,0.0,0.01,0.0,0.01,0.0,0.0
73.0,1.0,2.0,12.0,3.0,12.0,1.0,18.0,59022.0,30.2,4.0,59022.0,59022.0,0.0,27384.0,1.0,59022.0,0.0,0.0,0.0,0.0,27.05,0.08,28.01,1.04,0.03
74.0,1.0,2.0,12.0,3.0,12.0,2.0,18.0,46440.0,191.45,3.0,46440.0,46440.0,0.0,59751.0,13.0,45412.36,0.0,0.0,240.0,421.0,60.31,3.24,65.3,68.1,46.04
75.0,1.0,2.0,12.0,3.0,12.0,3.0,18.0,46452.0,90.0,3.0,46452.0,46452.0,0.0,59039.0,3.0,45597.0,0.0,0.0,40.0,114.0,58.23,0.29,62.98,18.01,3.77
76.0,1.0,2.0,12.0,3.0,12.0,1.0,12.0,69054.0,0.57,4.0,69054.0,69054.0,0.0,553.0,2.0,68650.0,0.0,0.0,20.0,26.0,0.5,0.0,0.5,0.04,0.02
77.0,1.0,2.0,12.0,3.0,12.0,2.0,12.0,33996.0,1.89,2.0,33996.0,33996.0,0.0,2232.0,1.0,33996.0,0.0,0.0,0.0,0.0,1.79,0.0,1.8,0.06,0.0
78.0,1.0,2.0,12.0,3.0,12.0,3.0,12.0,47634.0,1.52,3.0,47622.0,47622.0,0.0,1519.0,2.0,47006.0,0.0,0.0,20.0,5.0,1.4,0.0,1.4,0.08,0.02
79.0,1.0,2.0,12.0,3.0,12.0,1.0,6.0,60840.0,0.01,4.0,60840.0,60840.0,0.0,19.0,1.0,60840.0,0.0,0.0,0.0,0.0,0.01,0.0,0.01,0.0,0.0
80.0,1.0,2.0,12.0,3.0,12.0,2.0,6.0,54726.0,0.02,3.0,54726.0,54726.0,0.0,20.0,1.0,54726.0,0.0,0.0,0.0,0.0,0.01,0.0,0.01,0.0,0.0
81.0,1.0,2.0,12.0,3.0,12.0,3.0,6.0,31218.0,0.03,2.0,31218.0,31218.0,0.0,43.0,1.0,31218.0,0.0,0.0,0.0,0.0,0.03,0.0,0.03,0.0,0.0
82.0,1.0,2.0,24.0,1.0,4.0,1.0,18.0,178692.0,0.38,10.0,178692.0,178692.0,0.0,189.0,2.0,177046.5,0.0,0.0,20.0,1.0,0.18,0.0,0.19,0.01,0.18
83.0,1.0,2.0,24.0,1.0,4.0,2.0,18.0,136170.0,1.97,8.0,136170.0,136170.0,0.0,908.0,10.0,135679.5,0.0,0.0,180.0,0.0,0.92,0.0,0.92,0.03,0.98
84.0,1.0,2.0,24.0,1.0,4.0,3.0,18.0,108984.0,1.65,7.0,108984.0,108984.0,0.0,1211.0,1.0,108984.0,0.0,0.0,0.0,0.0,1.54,0.0,1.54,0.04,0.05
85.0,1.0,2.0,24.0,1.0,4.0,1.0,12.0,116232.0,0.19,6.0,116232.0,116232.0,0.0,138.0,1.0,116232.0,0.0,0.0,0.0,0.0,0.18,0.0,0.18,0.0,0.01
86.0,1.0,2.0,24.0,1.0,4.0,2.0,12.0,138534.0,0.1,7.0,138534.0,138534.0,0.0,67.0,1.0,138534.0,0.0,0.0,0.0,0.0,0.08,0.0,0.08,0.0,0.01
87.0,1.0,2.0,24.0,1.0,4.0,3.0,12.0,144156.0,0.08,8.0,144156.0,144156.0,0.0,49.0,2.0,141693.0,0.0,0.0,17.0,0.0,0.04,0.0,0.04,0.0,0.03
88.0,1.0,2.0,24.0,1.0,4.0,1.0,6.0,85314.0,0.01,5.0,85314.0,85314.0,0.0,9.0,1.0,85314.0,0.0,0.0,0.0,0.0,0.0,0.0,0.0,0.0,0.0
89.0,1.0,2.0,24.0,1.0,4.0,2.0,6.0,83364.0,0.01,5.0,83364.0,83364.0,0.0,9.0,1.0,83364.0,0.0,0.0,0.0,0.0,0.0,0.0,0.0,0.0,0.0
90.0,1.0,2.0,24.0,1.0,4.0,3.0,6.0,113394.0,0.01,6.0,113394.0,113394.0,0.0,6.0,1.0,113394.0,0.0,0.0,0.0,0.0,0.0,0.0,0.0,0.0,0.0
91.0,1.0,2.0,24.0,1.0,8.0,1.0,18.0,98238.0,23.31,5.0,98238.0,98238.0,0.0,12113.0,4.0,97309.5,0.0,0.0,60.0,4.0,21.7,0.05,21.89,0.89,0.21
92.0,1.0,2.0,24.0,1.0,8.0,2.0,18.0,139032.0,4.44,6.0,138144.0,138144.0,0.0,2545.0,2.0,137895.0,0.0,0.0,20.0,17.0,4.09,0.0,4.1,0.16,0.15
93.0,1.0,2.0,24.0,1.0,8.0,3.0,18.0,98334.0,14.52,5.0,98334.0,98334.0,0.0,7641.0,3.0,97211.0,0.0,0.0,40.0,1.0,13.7,0.02,13.78,0.42,0.18
94.0,1.0,2.0,24.0,1.0,8.0,1.0,12.0,82560.0,1.4,4.0,82560.0,82560.0,0.0,798.0,2.0,82380.0,0.0,0.0,20.0,1.0,1.34,0.0,1.34,0.03,0.02
95.0,1.0,2.0,24.0,1.0,8.0,2.0,12.0,59970.0,3.28,3.0,59970.0,59970.0,0.0,1770.0,3.0,57337.71,0.0,0.0,40.0,2.0,3.16,0.0,3.16,0.05,0.03
96.0,1.0,2.0,24.0,1.0,8.0,3.0,12.0,86250.0,1.08,4.0,86250.0,86250.0,0.0,598.0,3.0,83762.0,3.0,1.0,40.0,6.0,0.97,0.0,0.97,0.03,0.06
97.0,1.0,2.0,24.0,1.0,8.0,1.0,6.0,67698.0,0.03,3.0,67698.0,67698.0,0.0,19.0,1.0,67698.0,0.0,0.0,0.0,0.0,0.02,0.0,0.02,0.0,0.0
98.0,1.0,2.0,24.0,1.0,8.0,2.0,6.0,66336.0,0.05,3.0,66336.0,66336.0,0.0,26.0,2.0,63747.0,0.0,0.0,20.0,1.0,0.04,0.0,0.04,0.0,0.01
99.0,1.0,2.0,24.0,1.0,8.0,3.0,6.0,82998.0,0.02,4.0,82998.0,82998.0,0.0,16.0,1.0,82998.0,0.0,0.0,0.0,0.0,0.02,0.0,0.02,0.0,0.0
100.0,1.0,2.0,24.0,1.0,12.0,1.0,18.0,78408.0,124.62,3.0,77628.0,77628.0,0.0,42870.0,2.0,77352.0,0.0,0.0,20.0,269.0,89.04,0.24,91.51,22.22,8.08
101.0,1.0,2.0,24.0,1.0,12.0,2.0,18.0,100308.0,54.95,4.0,99378.0,99378.0,0.0,24731.0,2.0,98832.0,0.0,0.0,20.0,35.0,50.6,0.08,51.33,2.34,0.34
102.0,1.0,2.0,24.0,1.0,12.0,3.0,18.0,77748.0,167.74,3.0,77370.0,77370.0,0.0,55858.0,2.0,76434.0,0.0,0.0,20.0,268.0,116.68,0.31,121.23,31.17,10.65
103.0,1.0,2.0,24.0,1.0,12.0,1.0,12.0,86040.0,2.02,3.0,86040.0,86040.0,0.0,951.0,2.0,85500.0,3.0,1.0,0.0,0.0,1.94,0.0,1.95,0.04,0.01
104.0,1.0,2.0,24.0,1.0,12.0,2.0,12.0,78222.0,2.52,3.0,78222.0,78222.0,0.0,1162.0,2.0,77636.67,0.0,0.0,20.0,25.0,2.4,0.0,2.4,0.07,0.03
105.0,1.0,2.0,24.0,1.0,12.0,3.0,12.0,70620.0,3.5,3.0,70452.0,70452.0,0.0,1707.0,2.0,68787.27,0.0,0.0,20.0,4.0,3.39,0.0,3.4,0.06,0.02
106.0,1.0,2.0,24.0,1.0,12.0,1.0,6.0,75930.0,0.07,3.0,75882.0,75882.0,0.0,29.0,2.0,75849.0,1.0,1.0,20.0,1.0,0.06,0.0,0.06,0.0,0.0
107.0,1.0,2.0,24.0,1.0,12.0,2.0,6.0,81210.0,0.05,3.0,81210.0,81210.0,0.0,24.0,1.0,81210.0,0.0,0.0,0.0,0.0,0.04,0.0,0.04,0.0,0.0
108.0,1.0,2.0,24.0,1.0,12.0,3.0,6.0,50034.0,0.07,2.0,50034.0,50034.0,0.0,44.0,2.0,49782.0,0.0,0.0,20.0,4.0,0.06,0.0,0.06,0.0,0.0
109.0,1.0,2.0,24.0,2.0,4.0,1.0,18.0,111948.0,0.63,7.0,111948.0,111948.0,0.0,1060.0,1.0,111948.0,0.0,0.0,0.0,0.0,0.52,0.0,0.52,0.04,0.05
110.0,1.0,2.0,24.0,2.0,4.0,2.0,18.0,158508.0,0.41,9.0,158508.0,158508.0,0.0,333.0,1.0,158508.0,0.0,0.0,0.0,0.0,0.33,0.0,0.33,0.01,0.06
111.0,1.0,2.0,24.0,2.0,4.0,3.0,18.0,130068.0,0.67,8.0,129486.0,129486.0,0.0,708.0,2.0,129450.0,0.0,0.0,20.0,0.0,0.48,0.0,0.48,0.03,0.15
112.0,1.0,2.0,24.0,2.0,4.0,1.0,12.0,109848.0,0.07,7.0,109848.0,109848.0,0.0,83.0,1.0,109848.0,0.0,0.0,0.0,0.0,0.05,0.0,0.05,0.0,0.01
113.0,1.0,2.0,24.0,2.0,4.0,2.0,12.0,110310.0,0.1,7.0,110310.0,110310.0,0.0,95.0,2.0,109815.0,0.0,0.0,20.0,0.0,0.05,0.0,0.05,0.0,0.04
114.0,1.0,2.0,24.0,2.0,4.0,3.0,12.0,117012.0,0.05,7.0,117012.0,117012.0,0.0,59.0,1.0,117012.0,0.0,0.0,0.0,0.0,0.03,0.0,0.03,0.0,0.01
115.0,1.0,2.0,24.0,2.0,4.0,1.0,6.0,74472.0,0.01,4.0,74472.0,74472.0,0.0,12.0,1.0,74472.0,0.0,0.0,0.0,0.0,0.0,0.0,0.0,0.0,0.0
116.0,1.0,2.0,24.0,2.0,4.0,2.0,6.0,85620.0,0.01,5.0,85620.0,85620.0,0.0,7.0,1.0,85620.0,0.0,0.0,0.0,0.0,0.0,0.0,0.0,0.0,0.0
117.0,1.0,2.0,24.0,2.0,4.0,3.0,6.0,73476.0,0.01,4.0,73476.0,73476.0,0.0,12.0,1.0,73476.0,0.0,0.0,0.0,0.0,0.01,0.0,0.01,0.0,0.0
118.0,1.0,2.0,24.0,2.0,8.0,1.0,18.0,99888.0,10.4,5.0,97398.0,97398.0,0.0,5995.0,3.0,94652.14,8.0,2.0,40.0,6.0,9.36,0.02,9.41,0.71,0.17
119.0,1.0,2.0,24.0,2.0,8.0,2.0,18.0,95100.0,6.64,5.0,95100.0,95100.0,0.0,4655.0,5.0,92940.86,0.0,0.0,80.0,14.0,5.98,0.01,6.0,0.28,0.27
120.0,1.0,2.0,24.0,2.0,8.0,3.0,18.0,111090.0,6.69,6.0,110766.0,110766.0,0.0,4128.0,2.0,110751.0,0.0,0.0,20.0,0.0,6.31,0.01,6.34,0.23,0.07
121.0,1.0,2.0,24.0,2.0,8.0,1.0,12.0,101364.0,0.42,5.0,101364.0,101364.0,0.0,365.0,1.0,101364.0,0.0,0.0,0.0,0.0,0.39,0.0,0.39,0.01,0.01
122.0,1.0,2.0,24.0,2.0,8.0,2.0,12.0,45930.0,1.37,3.0,45930.0,45930.0,0.0,1779.0,1.0,45930.0,0.0,0.0,0.0,0.0,1.31,0.0,1.31,0.04,0.0
123.0,1.0,2.0,24.0,2.0,8.0,3.0,12.0,59136.0,1.27,3.0,57690.0,57690.0,0.0,1365.0,1.0,57690.0,0.0,0.0,0.0,0.0,1.21,0.0,1.22,0.04,0.0
124.0,1.0,2.0,24.0,2.0,8.0,1.0,6.0,90378.0,0.01,4.0,90378.0,90378.0,0.0,11.0,1.0,90378.0,0.0,0.0,0.0,0.0,0.01,0.0,0.01,0.0,0.0
125.0,1.0,2.0,24.0,2.0,8.0,2.0,6.0,56076.0,0.03,3.0,56076.0,56076.0,0.0,31.0,1.0,56076.0,0.0,0.0,0.0,0.0,0.03,0.0,0.03,0.0,0.0
126.0,1.0,2.0,24.0,2.0,8.0,3.0,6.0,58974.0,0.02,3.0,58974.0,58974.0,0.0,22.0,2.0,57900.0,0.0,0.0,20.0,2.0,0.01,0.0,0.01,0.0,0.0
127.0,1.0,2.0,24.0,2.0,12.0,1.0,18.0,86886.0,45.22,4.0,85086.0,85086.0,0.0,27317.0,3.0,83493.75,5.0,1.0,40.0,29.0,37.06,0.12,37.98,5.47,0.57
128.0,1.0,2.0,24.0,2.0,12.0,2.0,18.0,62580.0,177.55,3.0,62580.0,62580.0,0.0,80420.0,3.0,60704.0,0.0,0.0,40.0,64.0,137.65,0.38,148.6,16.89,2.79
129.0,1.0,2.0,24.0,2.0,12.0,3.0,18.0,84054.0,83.72,4.0,84054.0,84050.98,0.0,25344.0,42.0,82662.0,0.0,0.0,813.0,2.0,42.58,3.42,43.35,1.63,25.04
130.0,1.0,2.0,24.0,2.0,12.0,1.0,12.0,65868.0,1.87,3.0,65868.0,65868.0,0.0,1213.0,3.0,64367.0,0.0,0.0,40.0,21.0,1.73,0.0,1.74,0.07,0.04
131.0,1.0,2.0,24.0,2.0,12.0,2.0,12.0,65616.0,2.68,3.0,65616.0,65616.0,0.0,1536.0,3.0,64872.0,0.0,0.0,40.0,18.0,2.51,0.0,2.52,0.1,0.04
132.0,1.0,2.0,24.0,2.0,12.0,3.0,12.0,48984.0,4.2,2.0,48984.0,48984.0,0.0,2433.0,1.0,48984.0,0.0,0.0,0.0,0.0,4.09,0.0,4.1,0.07,0.0
133.0,1.0,2.0,24.0,2.0,12.0,1.0,6.0,71880.0,0.03,3.0,71880.0,71880.0,0.0,25.0,1.0,71880.0,0.0,0.0,0.0,0.0,0.03,0.0,0.03,0.0,0.0
134.0,1.0,2.0,24.0,2.0,12.0,2.0,6.0,91362.0,0.03,4.0,91362.0,91362.0,0.0,15.0,2.0,90693.0,0.0,0.0,4.0,1.0,0.01,0.0,0.01,0.0,0.01
135.0,1.0,2.0,24.0,2.0,12.0,3.0,6.0,55944.0,0.08,2.0,55944.0,55944.0,0.0,41.0,1.0,55944.0,0.0,0.0,0.0,0.0,0.07,0.0,0.07,0.0,0.0
136.0,1.0,2.0,24.0,3.0,4.0,1.0,18.0,169896.0,0.59,10.0,166350.0,166298.39,0.03,273.0,3.0,165654.0,3.0,1.0,40.0,1.0,0.26,0.0,0.26,0.01,0.3
137.0,1.0,2.0,24.0,3.0,4.0,2.0,18.0,128148.0,0.81,8.0,128148.0,128148.0,0.0,649.0,1.0,128148.0,0.0,0.0,0.0,0.0,0.72,0.0,0.73,0.02,0.06
138.0,1.0,2.0,24.0,3.0,4.0,3.0,18.0,138168.0,0.79,9.0,137610.0,137610.0,0.0,517.0,4.0,137313.0,0.0,0.0,60.0,0.0,0.42,0.0,0.42,0.02,0.35
139.0,1.0,2.0,24.0,3.0,4.0,1.0,12.0,140256.0,0.13,8.0,139518.0,139518.0,0.0,52.0,4.0,139236.74,2.0,3.0,20.0,1.0,0.05,0.0,0.05,0.0,0.07
140.0,1.0,2.0,24.0,3.0,4.0,2.0,12.0,112230.0,0.14,7.0,112230.0,112230.0,0.0,111.0,2.0,112092.0,0.0,0.0,20.0,0.0,0.1,0.0,0.1,0.0,0.03
141.0,1.0,2.0,24.0,3.0,4.0,3.0,12.0,114690.0,0.12,7.0,114690.0,114690.0,0.0,95.0,1.0,114690.0,0.0,0.0,0.0,0.0,0.11,0.0,0.11,0.0,0.0
142.0,1.0,2.0,24.0,3.0,4.0,1.0,6.0,84306.0,0.01,5.0,84306.0,84306.0,0.0,9.0,1.0,84306.0,0.0,0.0,0.0,0.0,0.0,0.0,0.0,0.0,0.0
143.0,1.0,2.0,24.0,3.0,4.0,2.0,6.0,105996.0,0.01,6.0,105996.0,105996.0,0.0,6.0,1.0,105996.0,0.0,0.0,0.0,0.0,0.0,0.0,0.0,0.0,0.0
144.0,1.0,2.0,24.0,3.0,4.0,3.0,6.0,78030.0,0.01,5.0,78030.0,78030.0,0.0,9.0,1.0,78030.0,0.0,0.0,0.0,0.0,0.0,0.0,0.0,0.0,0.0
145.0,1.0,2.0,24.0,3.0,8.0,1.0,18.0,87186.0,40.13,4.0,86796.0,86796.0,0.0,16684.0,3.0,86184.0,0.0,0.0,40.0,204.0,28.35,0.08,28.71,8.92,1.94
146.0,1.0,2.0,24.0,3.0,8.0,2.0,18.0,77646.0,18.5,4.0,77610.0,77610.0,0.0,11355.0,1.0,77610.0,0.0,0.0,0.0,0.0,17.69,0.03,17.87,0.37,0.03
147.0,1.0,2.0,24.0,3.0,8.0,3.0,18.0,93906.0,16.37,5.0,93906.0,93906.0,0.0,8257.0,5.0,92055.0,0.0,0.0,80.0,13.0,14.9,0.03,15.0,0.78,0.39
148.0,1.0,2.0,24.0,3.0,8.0,1.0,12.0,63072.0,2.35,3.0,61980.0,61980.0,0.0,1197.0,2.0,59049.0,0.0,0.0,20.0,12.0,2.24,0.0,2.24,0.08,0.01
149.0,1.0,2.0,24.0,3.0,8.0,2.0,12.0,83190.0,0.89,4.0,83052.0,83052.0,0.0,569.0,2.0,82845.6,0.0,0.0,20.0,32.0,0.8,0.0,0.81,0.05,0.02
150.0,1.0,2.0,24.0,3.0,8.0,3.0,12.0,69126.0,1.94,3.0,69126.0,69126.0,0.0,1171.0,1.0,69126.0,0.0,0.0,0.0,0.0,1.88,0.0,1.88,0.04,0.0
151.0,1.0,2.0,24.0,3.0,8.0,1.0,6.0,80274.0,0.02,4.0,80274.0,80274.0,0.0,16.0,1.0,80274.0,0.0,0.0,0.0,0.0,0.02,0.0,0.02,0.0,0.0
152.0,1.0,2.0,24.0,3.0,8.0,2.0,6.0,116310.0,0.01,5.0,116310.0,116310.0,0.0,7.0,1.0,116310.0,0.0,0.0,0.0,0.0,0.01,0.0,0.01,0.0,0.0
153.0,1.0,2.0,24.0,3.0,8.0,3.0,6.0,71328.0,0.03,3.0,71328.0,71328.0,0.0,17.0,1.0,71328.0,0.0,0.0,0.0,0.0,0.02,0.0,0.02,0.0,0.0
154.0,1.0,2.0,24.0,3.0,12.0,1.0,18.0,68562.0,268.35,3.0,68562.0,68562.0,0.0,72238.0,20.0,67427.9,9.0,1.0,380.0,159.0,157.48,4.02,166.49,50.24,33.07
155.0,1.0,2.0,24.0,3.0,12.0,2.0,18.0,78402.0,60.9,4.0,78402.0,78402.0,0.0,28552.0,1.0,78402.0,0.0,0.0,0.0,0.0,57.55,0.08,58.61,1.05,0.03
156.0,1.0,2.0,24.0,3.0,12.0,3.0,18.0,60642.0,223.64,3.0,60642.0,60642.0,0.0,81980.0,4.0,59651.73,0.0,0.0,60.0,103.0,167.76,0.49,181.55,25.42,5.71
157.0,1.0,2.0,24.0,3.0,12.0,1.0,12.0,71364.0,2.83,3.0,71130.0,71130.0,0.0,1240.0,3.0,69213.55,8.0,1.0,40.0,60.0,2.47,0.0,2.47,0.28,0.06
158.0,1.0,2.0,24.0,3.0,12.0,2.0,12.0,47130.0,6.27,2.0,47130.0,47130.0,0.0,2669.0,2.0,46305.27,0.0,0.0,20.0,178.0,5.29,0.01,5.3,0.76,0.17
159.0,1.0,2.0,24.0,3.0,12.0,3.0,12.0,57618.0,4.43,3.0,57618.0,57618.0,0.0,2047.0,1.0,57618.0,0.0,0.0,0.0,0.0,4.34,0.0,4.34,0.06,0.0
160.0,1.0,2.0,24.0,3.0,12.0,1.0,6.0,74388.0,0.04,3.0,74388.0,74388.0,0.0,27.0,1.0,74388.0,0.0,0.0,0.0,0.0,0.03,0.0,0.03,0.0,0.0
161.0,1.0,2.0,24.0,3.0,12.0,2.0,6.0,66612.0,0.06,3.0,66612.0,66612.0,0.0,26.0,2.0,66032.0,0.0,0.0,18.0,1.0,0.04,0.0,0.04,0.0,0.01
162.0,1.0,2.0,24.0,3.0,12.0,3.0,6.0,47520.0,0.08,2.0,47520.0,47520.0,0.0,39.0,2.0,47361.0,0.0,0.0,20.0,1.0,0.07,0.0,0.07,0.0,0.0
163.0,1.0,2.0,36.0,1.0,4.0,1.0,18.0,164874.0,1.94,7.0,164580.0,164580.0,0.0,799.0,5.0,163932.0,0.0,0.0,80.0,0.0,1.51,0.0,1.52,0.03,0.37
164.0,1.0,2.0,36.0,1.0,4.0,2.0,18.0,163644.0,2.2,7.0,160296.0,160296.0,0.0,1240.0,2.0,159480.0,0.0,0.0,0.0,1.0,2.0,0.0,2.0,0.04,0.14
166.0,1.0,2.0,36.0,1.0,4.0,1.0,12.0,177552.0,0.14,7.0,174576.0,174576.0,0.0,59.0,2.0,174072.0,0.0,0.0,20.0,1.0,0.1,0.0,0.1,0.0,0.03
167.0,1.0,2.0,36.0,1.0,4.0,2.0,12.0,126030.0,0.28,6.0,126030.0,126030.0,0.0,134.0,2.0,125568.0,0.0,0.0,20.0,1.0,0.24,0.0,0.24,0.0,0.02
168.0,1.0,2.0,36.0,1.0,4.0,3.0,12.0,204174.0,0.11,9.0,203682.0,202844.18,0.41,31.0,5.0,202803.2,0.0,4.0,0.0,0.0,0.05,0.0,0.05,0.0,0.06
169.0,1.0,2.0,36.0,1.0,4.0,1.0,6.0,78414.0,0.04,3.0,78414.0,78414.0,0.0,19.0,1.0,78414.0,0.0,0.0,0.0,0.0,0.03,0.0,0.03,0.0,0.0
170.0,1.0,2.0,36.0,1.0,4.0,2.0,6.0,87750.0,0.02,4.0,87750.0,87750.0,0.0,13.0,1.0,87750.0,0.0,0.0,0.0,0.0,0.01,0.0,0.01,0.0,0.0
171.0,1.0,2.0,36.0,1.0,4.0,3.0,6.0,151044.0,0.01,6.0,151044.0,151044.0,0.0,6.0,1.0,151044.0,0.0,0.0,0.0,0.0,0.01,0.0,0.01,0.0,0.0
172.0,1.0,2.0,36.0,1.0,8.0,1.0,18.0,145392.0,45.9,5.0,145392.0,145392.0,0.0,12667.0,4.0,139577.01,27.0,2.0,60.0,1.0,38.1,0.07,38.3,6.93,0.3
173.0,1.0,2.0,36.0,1.0,8.0,2.0,18.0,100008.0,65.34,4.0,100008.0,100008.0,0.0,22906.0,2.0,97308.86,0.0,0.0,20.0,9.0,62.37,0.06,63.12,1.22,0.15
174.0,1.0,2.0,36.0,1.0,8.0,3.0,18.0,112830.0,42.01,4.0,107160.0,107160.0,0.0,12886.0,5.0,105541.07,21.0,5.0,80.0,47.0,34.59,0.1,34.82,6.11,0.64
175.0,1.0,2.0,36.0,1.0,8.0,1.0,12.0,164160.0,0.62,5.0,152220.0,152220.0,0.0,231.0,1.0,152220.0,0.0,0.0,0.0,0.0,0.6,0.0,0.6,0.01,0.0
176.0,1.0,2.0,36.0,1.0,8.0,2.0,12.0,212904.0,0.26,7.0,212904.0,205596.0,3.55,71.0,2.0,202752.0,0.0,2.0,20.0,2.0,0.21,0.0,0.21,0.01,0.03
177.0,1.0,2.0,36.0,1.0,8.0,3.0,12.0,81378.0,4.02,3.0,81378.0,81378.0,0.0,1531.0,2.0,79908.0,0.0,0.0,20.0,24.0,3.87,0.0,3.87,0.09,0.03
178.0,1.0,2.0,36.0,1.0,8.0,1.0,6.0,132972.0,0.04,4.0,132972.0,132972.0,0.0,11.0,1.0,132972.0,0.0,0.0,0.0,0.0,0.03,0.0,0.03,0.0,0.0
179.0,1.0,2.0,36.0,1.0,8.0,2.0,6.0,90990.0,0.06,3.0,90990.0,90990.0,0.0,26.0,2.0,90669.0,0.0,0.0,20.0,1.0,0.05,0.0,0.05,0.0,0.0
180.0,1.0,2.0,36.0,1.0,8.0,3.0,6.0,152208.0,0.02,5.0,152208.0,152208.0,0.0,8.0,1.0,152208.0,0.0,0.0,0.0,0.0,0.02,0.0,0.02,0.0,0.0
181.0,1.0,2.0,36.0,1.0,12.0,1.0,18.0,127944.0,98.68,4.0,123816.0,123403.58,0.33,18799.0,4.0,120792.55,11.0,1.0,60.0,7.0,91.31,0.09,91.95,5.59,0.44
182.0,1.0,2.0,36.0,1.0,12.0,2.0,18.0,127776.0,121.09,3.0,116352.0,116352.0,0.0,26192.0,2.0,114929.18,14.0,1.0,20.0,0.0,112.4,0.09,113.69,5.99,0.2
183.0,1.0,2.0,36.0,1.0,12.0,3.0,18.0,170874.0,95.66,4.0,138648.0,136924.68,1.26,19279.0,10.0,134810.19,23.0,3.0,180.0,51.0,81.16,0.24,81.71,10.27,2.36
184.0,1.0,2.0,36.0,1.0,12.0,1.0,12.0,101226.0,5.3,3.0,99834.0,99834.0,0.0,1284.0,1.0,99834.0,0.0,0.0,0.0,0.0,5.23,0.0,5.23,0.05,0.0
185.0,1.0,2.0,36.0,1.0,12.0,2.0,12.0,76632.0,6.47,2.0,76632.0,76632.0,0.0,2110.0,1.0,76632.0,0.0,0.0,0.0,0.0,6.33,0.0,6.34,0.09,0.0
186.0,1.0,2.0,36.0,1.0,12.0,3.0,12.0,91506.0,5.95,3.0,91242.0,91242.0,0.0,1440.0,3.0,89975.45,0.0,0.0,40.0,1.0,5.85,0.0,5.85,0.05,0.02
187.0,1.0,2.0,36.0,1.0,12.0,1.0,6.0,112062.0,0.05,3.0,112062.0,112062.0,0.0,21.0,1.0,112062.0,0.0,0.0,0.0,0.0,0.05,0.0,0.05,0.0,0.0
188.0,1.0,2.0,36.0,1.0,12.0,2.0,6.0,118728.0,0.07,3.0,118350.0,118350.0,0.0,19.0,2.0,118248.0,0.0,0.0,8.0,1.0,0.06,0.0,0.06,0.0,0.0
189.0,1.0,2.0,36.0,1.0,12.0,3.0,6.0,190086.0,0.02,4.0,151578.0,151578.0,0.0,10.0,1.0,151578.0,0.0,0.0,0.0,0.0,0.02,0.0,0.02,0.0,0.0
190.0,1.0,2.0,36.0,2.0,4.0,1.0,18.0,177390.0,1.94,9.0,176700.0,173672.83,1.74,591.0,7.0,172094.13,6.0,1.0,120.0,0.0,0.79,0.0,0.79,0.11,1.01
191.0,1.0,2.0,36.0,2.0,4.0,2.0,18.0,173454.0,1.96,9.0,173454.0,171333.0,1.24,723.0,9.0,170508.0,0.0,0.0,160.0,0.0,0.66,0.0,0.66,0.03,1.23
192.0,1.0,2.0,36.0,2.0,4.0,3.0,18.0,135846.0,2.8,7.0,135510.0,135019.5,0.36,1051.0,8.0,134400.0,0.0,0.0,140.0,0.0,1.74,0.0,1.74,0.15,0.88
193.0,1.0,2.0,36.0,2.0,4.0,1.0,12.0,143274.0,0.29,6.0,143274.0,143274.0,0.0,145.0,2.0,141652.0,0.0,0.0,20.0,6.0,0.25,0.0,0.25,0.0,0.03
194.0,1.0,2.0,36.0,2.0,4.0,2.0,12.0,134262.0,0.11,6.0,134262.0,134262.0,0.0,76.0,1.0,134262.0,0.0,0.0,0.0,0.0,0.09,0.0,0.09,0.0,0.01
195.0,1.0,2.0,36.0,2.0,4.0,3.0,12.0,134892.0,0.17,6.0,132120.0,132120.0,0.0,98.0,1.0,132120.0,0.0,0.0,0.0,0.0,0.15,0.0,0.15,0.0,0.01
196.0,1.0,2.0,36.0,2.0,4.0,1.0,6.0,88164.0,0.01,4.0,88164.0,88164.0,0.0,12.0,1.0,88164.0,0.0,0.0,0.0,0.0,0.01,0.0,0.01,0.0,0.0
197.0,1.0,2.0,36.0,2.0,4.0,2.0,6.0,110850.0,0.01,5.0,110850.0,110850.0,0.0,7.0,1.0,110850.0,0.0,0.0,0.0,0.0,0.0,0.0,0.0,0.0,0.0
198.0,1.0,2.0,36.0,2.0,4.0,3.0,6.0,111462.0,0.01,5.0,111462.0,111462.0,0.0,9.0,1.0,111462.0,0.0,0.0,0.0,0.0,0.0,0.0,0.0,0.0,0.0
199.0,1.0,2.0,36.0,2.0,8.0,1.0,18.0,160566.0,11.31,6.0,159216.0,159216.0,0.0,4109.0,6.0,154161.39,11.0,6.0,20.0,15.0,8.88,0.01,8.9,1.95,0.38
200.0,1.0,2.0,36.0,2.0,8.0,2.0,18.0,129054.0,18.73,5.0,128202.0,128202.0,0.0,7189.0,2.0,128070.86,0.0,0.0,20.0,2.0,18.2,0.01,18.26,0.28,0.07
201.0,1.0,2.0,36.0,2.0,8.0,3.0,18.0,78582.0,109.93,4.0,78582.0,78582.0,0.0,37354.0,1.0,78582.0,0.0,0.0,0.0,0.0,104.27,0.1,106.25,1.66,0.03
202.0,1.0,2.0,36.0,2.0,8.0,1.0,12.0,108264.0,1.0,4.0,107916.0,107916.0,0.0,605.0,2.0,105645.6,0.0,0.0,20.0,15.0,0.94,0.0,0.94,0.03,0.02
203.0,1.0,2.0,36.0,2.0,8.0,2.0,12.0,127758.0,1.18,4.0,112848.0,112613.4,0.21,465.0,2.0,111980.3,4.0,1.0,0.0,0.0,1.12,0.0,1.12,0.02,0.02
204.0,1.0,2.0,36.0,2.0,8.0,3.0,12.0,95196.0,0.95,4.0,92760.0,92760.0,0.0,600.0,3.0,90253.0,0.0,0.0,40.0,2.0,0.89,0.0,0.89,0.01,0.03
205.0,1.0,2.0,36.0,2.0,8.0,1.0,6.0,87900.0,0.05,3.0,87900.0,87900.0,0.0,21.0,1.0,87900.0,0.0,0.0,0.0,0.0,0.04,0.0,0.04,0.0,0.0
206.0,1.0,2.0,36.0,2.0,8.0,2.0,6.0,66582.0,0.04,3.0,66582.0,66582.0,0.0,31.0,1.0,66582.0,0.0,0.0,0.0,0.0,0.03,0.0,0.03,0.0,0.0
207.0,1.0,2.0,36.0,2.0,8.0,3.0,6.0,132420.0,0.02,5.0,132420.0,132420.0,0.0,11.0,2.0,118044.0,4.0,1.0,0.0,0.0,0.02,0.0,0.02,0.0,0.0
208.0,1.0,2.0,36.0,2.0,12.0,1.0,18.0,117258.0,158.15,4.0,109128.0,109128.0,0.0,30177.0,1.0,109128.0,0.0,0.0,0.0,0.0,153.62,0.08,155.49,1.19,0.03
209.0,1.0,2.0,36.0,2.0,12.0,2.0,18.0,104556.0,65.18,4.0,104556.0,104556.0,0.0,23701.0,1.0,104556.0,0.0,0.0,0.0,0.0,62.66,0.06,63.44,0.84,0.03
210.0,1.0,2.0,36.0,2.0,12.0,3.0,18.0,117300.0,103.19,4.0,112254.0,112133.34,0.11,27908.0,21.0,108816.0,10.0,1.0,380.0,0.0,87.43,0.79,88.46,4.24,6.22
211.0,1.0,2.0,36.0,2.0,12.0,1.0,12.0,123456.0,3.74,3.0,98514.0,98514.0,0.0,1240.0,3.0,94131.0,7.0,1.0,40.0,10.0,3.49,0.0,3.49,0.19,0.04
212.0,1.0,2.0,36.0,2.0,12.0,2.0,12.0,102630.0,3.58,3.0,102630.0,102630.0,0.0,1154.0,1.0,102630.0,0.0,0.0,0.0,0.0,3.52,0.0,3.53,0.03,0.0
213.0,1.0,2.0,36.0,2.0,12.0,3.0,12.0,90486.0,2.98,3.0,90486.0,90486.0,0.0,993.0,2.0,89961.0,4.0,1.0,20.0,22.0,2.81,0.0,2.82,0.12,0.02
214.0,1.0,2.0,36.0,2.0,12.0,1.0,6.0,95790.0,0.06,3.0,95790.0,95790.0,0.0,25.0,1.0,95790.0,0.0,0.0,0.0,0.0,0.05,0.0,0.06,0.0,0.0
215.0,1.0,2.0,36.0,2.0,12.0,2.0,6.0,97440.0,0.04,3.0,97440.0,97440.0,0.0,20.0,1.0,97440.0,0.0,0.0,0.0,0.0,0.03,0.0,0.03,0.0,0.0
216.0,1.0,2.0,36.0,2.0,12.0,3.0,6.0,90000.0,0.05,3.0,90000.0,90000.0,0.0,26.0,1.0,90000.0,0.0,0.0,0.0,0.0,0.04,0.0,0.04,0.0,0.0
217.0,1.0,2.0,36.0,3.0,4.0,1.0,18.0,167160.0,1.35,8.0,163224.0,163224.0,0.0,611.0,2.0,162900.0,0.0,0.0,20.0,8.0,1.17,0.0,1.17,0.02,0.14
218.0,1.0,2.0,36.0,3.0,4.0,2.0,18.0,186696.0,1.22,9.0,186696.0,186696.0,0.0,508.0,2.0,184774.0,0.0,0.0,20.0,1.0,1.03,0.0,1.03,0.01,0.17
219.0,1.0,2.0,36.0,3.0,4.0,3.0,18.0,144612.0,2.79,7.0,142596.0,141444.0,0.81,1129.0,2.0,140568.25,0.0,1.0,20.0,1.0,2.49,0.0,2.49,0.12,0.15
220.0,1.0,2.0,36.0,3.0,4.0,1.0,12.0,124104.0,0.34,6.0,122652.0,122652.0,0.0,210.0,2.0,121924.0,0.0,0.0,20.0,0.0,0.29,0.0,0.29,0.01,0.02
221.0,1.0,2.0,36.0,3.0,4.0,2.0,12.0,138846.0,0.21,7.0,138846.0,138846.0,0.0,95.0,2.0,137883.0,0.0,0.0,20.0,1.0,0.18,0.0,0.18,0.0,0.03
222.0,1.0,2.0,36.0,3.0,4.0,3.0,12.0,144780.0,0.18,7.0,142332.0,142332.0,0.0,77.0,2.0,140092.0,0.0,0.0,20.0,1.0,0.15,0.0,0.15,0.0,0.02
223.0,1.0,2.0,36.0,3.0,4.0,1.0,6.0,88476.0,0.02,4.0,88476.0,88476.0,0.0,11.0,1.0,88476.0,0.0,0.0,0.0,0.0,0.01,0.0,0.01,0.0,0.0
224.0,1.0,2.0,36.0,3.0,4.0,2.0,6.0,77976.0,0.02,4.0,77976.0,77976.0,0.0,16.0,1.0,77976.0,0.0,0.0,0.0,0.0,0.01,0.0,0.01,0.0,0.0
225.0,1.0,2.0,36.0,3.0,4.0,3.0,6.0,83136.0,0.02,4.0,83136.0,83136.0,0.0,16.0,1.0,83136.0,0.0,0.0,0.0,0.0,0.02,0.0,0.02,0.0,0.0
226.0,1.0,2.0,36.0,3.0,8.0,1.0,18.0,115980.0,26.89,5.0,115068.0,115068.0,0.0,9212.0,1.0,115068.0,0.0,0.0,0.0,0.0,26.23,0.02,26.35,0.34,0.04
227.0,1.0,2.0,36.0,3.0,8.0,2.0,18.0,122850.0,53.23,5.0,121734.0,121734.0,0.0,17198.0,3.0,121356.0,0.0,0.0,40.0,1.0,51.19,0.05,51.66,0.85,0.16
228.0,1.0,2.0,36.0,3.0,8.0,3.0,18.0,92304.0,58.19,4.0,91140.0,91140.0,0.0,17848.0,17.0,90134.4,0.0,0.0,320.0,20.0,49.47,0.47,49.88,2.78,3.37
229.0,1.0,2.0,36.0,3.0,8.0,1.0,12.0,97428.0,1.45,4.0,97008.0,97008.0,0.0,645.0,2.0,95835.43,0.0,0.0,20.0,5.0,1.39,0.0,1.39,0.02,0.03
230.0,1.0,2.0,36.0,3.0,8.0,2.0,12.0,121962.0,0.85,5.0,121962.0,121962.0,0.0,341.0,1.0,121962.0,0.0,0.0,0.0,0.0,0.82,0.0,0.82,0.01,0.01
231.0,1.0,2.0,36.0,3.0,8.0,3.0,12.0,86370.0,2.61,4.0,86370.0,86370.0,0.0,894.0,2.0,85940.57,6.0,1.0,20.0,0.0,2.53,0.0,2.53,0.04,0.02
232.0,1.0,2.0,36.0,3.0,8.0,1.0,6.0,88710.0,0.05,3.0,88710.0,88710.0,0.0,17.0,1.0,88710.0,0.0,0.0,0.0,0.0,0.04,0.0,0.04,0.0,0.0
233.0,1.0,2.0,36.0,3.0,8.0,2.0,6.0,80346.0,0.08,3.0,80346.0,80346.0,0.0,29.0,2.0,79803.0,0.0,0.0,20.0,1.0,0.07,0.0,0.07,0.0,0.01
234.0,1.0,2.0,36.0,3.0,8.0,3.0,6.0,88932.0,0.03,4.0,88932.0,88932.0,0.0,16.0,1.0,88932.0,0.0,0.0,0.0,0.0,0.03,0.0,0.03,0.0,0.0
235.0,1.0,2.0,36.0,3.0,12.0,1.0,18.0,118872.0,76.89,4.0,118872.0,118872.0,0.0,18682.0,2.0,115935.27,0.0,0.0,20.0,106.0,70.26,0.07,70.77,4.67,0.81
236.0,1.0,2.0,36.0,3.0,12.0,2.0,18.0,86598.0,125.93,3.0,85806.0,85806.0,0.0,36174.0,1.0,85806.0,0.0,0.0,0.0,0.0,120.82,0.1,122.69,1.37,0.03
237.0,1.0,2.0,36.0,3.0,12.0,3.0,18.0,79296.0,410.24,3.0,79044.0,79044.0,0.0,105981.0,2.0,75306.0,3.0,1.0,20.0,10.0,342.66,0.55,374.59,13.79,0.8
238.0,1.0,2.0,36.0,3.0,12.0,1.0,12.0,98784.0,3.97,3.0,98208.0,98208.0,0.0,991.0,2.0,97546.0,0.0,0.0,20.0,25.0,3.87,0.0,3.87,0.07,0.02
239.0,1.0,2.0,36.0,3.0,12.0,2.0,12.0,84288.0,5.59,3.0,84288.0,84288.0,0.0,1701.0,3.0,82172.67,0.0,0.0,40.0,8.0,5.45,0.0,5.45,0.07,0.04
240.0,1.0,2.0,36.0,3.0,12.0,3.0,12.0,63684.0,6.53,2.0,63684.0,63684.0,0.0,2249.0,1.0,63684.0,0.0,0.0,0.0,0.0,6.43,0.0,6.43,0.06,0.0
241.0,1.0,2.0,36.0,3.0,12.0,1.0,6.0,59658.0,0.11,2.0,59658.0,59658.0,0.0,37.0,1.0,59658.0,0.0,0.0,0.0,0.0,0.1,0.0,0.1,0.0,0.0
242.0,1.0,2.0,36.0,3.0,12.0,2.0,6.0,94824.0,0.06,3.0,94824.0,94824.0,0.0,25.0,2.0,91788.0,0.0,0.0,20.0,2.0,0.05,0.0,0.05,0.0,0.0
243.0,1.0,2.0,36.0,3.0,12.0,3.0,6.0,99876.0,0.08,3.0,99876.0,99876.0,0.0,24.0,2.0,99126.0,0.0,0.0,16.0,1.0,0.07,0.0,0.07,0.0,0.01
,,,,,,,,,,,,,,,,,,,,,,,,,
,,12.0,,,,,,,,,,,,,,,,,,,,,,,
,,24.0,,,,,,,,,,,,,,,,,,,,,,,
,,36.0,,,,,,,,,,,,,,,,,,,,,,,
,,,,,,,,,,,,,,,,,,,,,,,,,
,,1.0,,,,,,,,,,,,,,,,,,,,,,,
,,2.0,,,,,,,,,,,,,,,,,,,,,,,
,,3.0,,,,,,,,,,,,,,,,,,,,,,,
,,,,,,,,,,,,,,,,,,,,,,,,,
,,15.0,,,,,,,,,,,,,,,,,,,,,,,
,,30.0,,,,,,,,,,,,,,,,,,,,,,,
,,45.0,,,,,,,,,,,,,,,,,,,,,,,
,,,,,,,,,,,,,,,,,,,,,,,,,
,,100.0,,,,,,,,,,,,,,,,,,,,,,,
,,200.0,,,,,,,,,,,,,,,,,,,,,,,
,,300.0,,,,,,,,,,,,,,,,,,,,,,,
,,,,,,,,,,,,,,,,,,,,,,,,,
,,1.0,,,,,,,,,,,,,,,,,,,,,,,
,,2.0,,,,,,,,,,,,,,,,,,,,,,,
,,3.0,,,,,,,,,,,,,,,,,,,,,,,
